speed_index,env_index,replicate,command_vx,samples,mean_vx,bias_vx,mae_vx,rmse_vx,std_vx,completion,tracking_fraction,mean_abs_vy,mean_abs_yaw,mean_power_w,energy_j,distance_m,mechanical_cot,failure_time_s,survived,fell,timed_out,tracking_success
0,0,0,0.0,750,0.031148229,0.031148229,0.031148229,0.031799395,0.006402285,,1.0,0.017541962,0.05531339,7.671483,115.072235,0.46722338,1.560637,,True,False,False,True
0,1,1,0.0,750,0.03115429,0.03115429,0.03115429,0.031804178,0.0063965684,,1.0,0.017542168,0.05528378,7.6728177,115.092415,0.46731445,1.5606065,,True,False,False,True
0,2,2,0.0,750,0.031069562,0.031069562,0.031069562,0.03172309,0.0064059887,,1.0,0.01757816,0.055354573,7.6757526,115.136375,0.4660439,1.5654589,,True,False,False,True
0,3,3,0.0,750,0.031136101,0.031136101,0.031136101,0.031788636,0.00640786,,1.0,0.017558396,0.055317648,7.669974,115.0497,0.4670414,1.5609393,,True,False,False,True
0,4,4,0.0,750,0.03117495,0.03117495,0.03117495,0.03182864,0.006417536,,1.0,0.017563332,0.055258073,7.6735115,115.10264,0.46762428,1.5597111,,True,False,False,True
0,5,5,0.0,750,0.031158265,0.031158265,0.031158265,0.03180555,0.0063839983,,1.0,0.017507486,0.0552706,7.6697173,115.04575,0.46737397,1.5597751,,True,False,False,True
0,6,6,0.0,750,0.031196993,0.031196993,0.031196993,0.031846758,0.0064002844,,1.0,0.017529894,0.0552659,7.675525,115.132935,0.4679545,1.5590206,,True,False,False,True
0,7,7,0.0,750,0.03116446,0.03116446,0.03116446,0.031820618,0.0064286874,,1.0,0.017589184,0.05530597,7.6698456,115.04775,0.46746728,1.5594909,,True,False,False,True
0,8,8,0.0,750,0.031077001,0.031077001,0.031077001,0.031729203,0.0064001842,,1.0,0.017551975,0.05534424,7.6766367,115.14968,0.46615517,1.565266,,True,False,False,True
0,9,9,0.0,750,0.031169657,0.031169657,0.031169657,0.03182134,0.0064070425,,1.0,0.017553985,0.055291276,7.673753,115.10625,0.4675449,1.5600246,,True,False,False,True
0,10,10,0.0,750,0.031232087,0.031232087,0.031232087,0.031880938,0.006399284,,1.0,0.017520286,0.05520396,7.6709433,115.06423,0.46848148,1.5563376,,True,False,False,True
0,11,11,0.0,750,0.0311557,0.0311557,0.0311557,0.031806458,0.0064010164,,1.0,0.017546684,0.055303223,7.672611,115.08922,0.46733537,1.5604932,,True,False,False,True
0,12,12,0.0,750,0.031178843,0.031178843,0.031178843,0.03183003,0.006405516,,1.0,0.017541232,0.05524474,7.670825,115.06236,0.46768215,1.5589722,,True,False,False,True
0,13,13,0.0,750,0.031165617,0.031165617,0.031165617,0.03181917,0.006415899,,1.0,0.017564623,0.055266943,7.6703954,115.05588,0.46748424,1.5595444,,True,False,False,True
0,14,14,0.0,750,0.03125729,0.03125729,0.03125729,0.03190721,0.0064071743,,1.0,0.017533898,0.055185344,7.6669602,115.00438,0.46885973,1.5542731,,True,False,False,True
0,15,15,0.0,750,0.031191483,0.031191483,0.031191483,0.031842027,0.0064035896,,1.0,0.017539034,0.055263728,7.666533,114.99793,0.4678719,1.5574673,,True,False,False,True
1,16,0,0.2,750,0.2067017,0.0067017633,0.010584778,0.013610607,0.011847897,,1.0,0.015981512,0.046134364,9.709928,145.64896,3.1005273,0.29766497,,True,False,False,True
1,17,1,0.2,750,0.2065475,0.0065476475,0.010496748,0.013448755,0.011750496,,1.0,0.015886687,0.04547477,9.697382,145.46078,3.098215,0.29750225,,True,False,False,True
1,18,2,0.2,750,0.20656902,0.0065691434,0.010517534,0.013552066,0.011855126,,1.0,0.015932089,0.046458963,9.739624,146.0942,3.0985372,0.29876667,,True,False,False,True
1,19,3,0.2,750,0.20663701,0.0066368985,0.010538158,0.013519084,0.011776147,,1.0,0.015935367,0.0456497,9.696364,145.4456,3.0995562,0.2973425,,True,False,False,True
1,20,4,0.2,750,0.20678039,0.0067804935,0.010617447,0.013696003,0.011901543,,1.0,0.015935091,0.046253905,9.733654,146.00482,3.101708,0.2982787,,True,False,False,True
1,21,5,0.2,750,0.20667373,0.006673707,0.010564527,0.013620141,0.011871769,,1.0,0.015968544,0.04636081,9.73607,146.04097,3.1001053,0.29850677,,True,False,False,True
1,22,6,0.2,750,0.2066432,0.006643121,0.010536915,0.013531559,0.011787847,,1.0,0.015934655,0.045740686,9.701733,145.52599,3.0996468,0.29749814,,True,False,False,True
1,23,7,0.2,750,0.20663723,0.006637174,0.010536883,0.013526371,0.011786266,,1.0,0.015896162,0.045567658,9.708249,145.6236,3.0995588,0.29770613,,True,False,False,True
1,24,8,0.2,750,0.20655623,0.0065560117,0.01049921,0.013453387,0.011743678,,1.0,0.015874721,0.045464374,9.698967,145.4845,3.09834,0.29753876,,True,False,False,True
1,25,9,0.2,750,0.20657416,0.0065741683,0.010507252,0.013469738,0.011756518,,1.0,0.015883783,0.045559935,9.69638,145.44572,3.0986137,0.29743317,,True,False,False,True
1,26,10,0.2,750,0.20659861,0.0065985788,0.010523576,0.013518601,0.011798428,,1.0,0.015925586,0.045921814,9.725493,145.88243,3.0989788,0.29829112,,True,False,False,True
1,27,11,0.2,750,0.2067924,0.006792444,0.010596054,0.013672001,0.011866591,,1.0,0.015917541,0.046533283,9.7250395,145.87561,3.1018856,0.29799765,,True,False,False,True
1,28,12,0.2,750,0.20654075,0.006540789,0.010495421,0.013488688,0.011797797,,1.0,0.015924778,0.045904644,9.725156,145.87746,3.098111,0.2983645,,True,False,False,True
1,29,13,0.2,750,0.20653914,0.006539038,0.010495972,0.013443558,0.011745264,,1.0,0.015891066,0.045526475,9.692176,145.38261,3.0980844,0.29735494,,True,False,False,True
1,30,14,0.2,750,0.2070001,0.007000114,0.010689189,0.01382621,0.011923902,,1.0,0.01588384,0.046400797,9.735215,146.0282,3.1050017,0.29800996,,True,False,False,True
1,31,15,0.2,750,0.2065412,0.0065413597,0.010494564,0.013444336,0.011748277,,1.0,0.015876053,0.04550967,9.692275,145.38414,3.0981188,0.29735476,,True,False,False,True
2,32,0,0.4,750,0.4051234,0.0051235184,0.016011808,0.019386481,0.018698685,1.0128086,1.0,0.015492583,0.049869243,13.298608,199.47905,6.0768566,0.2080052,,True,False,False,True
2,33,1,0.4,750,0.4052601,0.0052602757,0.016045993,0.019454312,0.018733718,1.0131502,1.0,0.015484019,0.049644843,13.331411,199.9711,6.0789075,0.20844795,,True,False,False,True
2,34,2,0.4,750,0.40493682,0.0049367007,0.015991922,0.019336762,0.018692309,1.012342,1.0,0.015349776,0.049819987,13.323319,199.84996,6.074053,0.20848817,,True,False,False,True
2,35,3,0.4,750,0.40519723,0.0051975744,0.016073663,0.019479422,0.018780587,1.0129931,1.0,0.015433855,0.04962459,13.36312,200.44667,6.077963,0.20897615,,True,False,False,True
2,36,4,0.4,750,0.4049586,0.00495845,0.016011145,0.019356724,0.018708246,1.0123965,1.0,0.015382564,0.049725126,13.324696,199.87054,6.074376,0.20849855,,True,False,False,True
2,37,5,0.4,750,0.40504324,0.005043339,0.015999964,0.019355927,0.018688323,1.012608,1.0,0.015475385,0.04986398,13.304368,199.56575,6.075647,0.20813705,,True,False,False,True
2,38,6,0.4,750,0.4044243,0.0044242446,0.01595729,0.019160356,0.01864202,1.0110607,1.0,0.015182863,0.049802247,13.304737,199.57115,6.066361,0.2084613,,True,False,False,True
2,39,7,0.4,750,0.40518257,0.0051827617,0.016041413,0.019443503,0.018742861,1.0129564,1.0,0.015500675,0.04977384,13.304834,199.5727,6.0777364,0.20807274,,True,False,False,True
2,40,8,0.4,750,0.40518364,0.005183599,0.016076136,0.019491855,0.018788917,1.0129591,1.0,0.015447508,0.049668584,13.3452835,200.17917,6.077755,0.2087044,,True,False,False,True
2,41,9,0.4,750,0.40500113,0.005000982,0.016075904,0.019437987,0.01878138,1.0125028,1.0,0.01537396,0.049712658,13.356901,200.35341,6.0750113,0.20898041,,True,False,False,True
2,42,10,0.4,750,0.40513846,0.005138569,0.015991317,0.019358462,0.018665185,1.0128461,1.0,0.015441953,0.049682725,13.316621,199.7492,6.077082,0.20827918,,True,False,False,True
2,43,11,0.4,750,0.40508354,0.005083453,0.01602482,0.019400656,0.01872019,1.0127088,1.0,0.015400437,0.0497461,13.325077,199.87619,6.0762544,0.20843998,,True,False,False,True
2,44,12,0.4,750,0.40511897,0.005119312,0.01600481,0.019383134,0.018700678,1.0127974,1.0,0.015401619,0.049710277,13.323065,199.84604,6.076787,0.20839027,,True,False,False,True
2,45,13,0.4,750,0.40509912,0.0050988942,0.016040098,0.019429116,0.018742464,1.0127478,1.0,0.015490575,0.049657848,13.319114,199.78659,6.076488,0.20833853,,True,False,False,True
2,46,14,0.4,750,0.4052047,0.0052042804,0.016020244,0.019414075,0.0186947,1.0130118,1.0,0.015506018,0.04980786,13.312831,199.69244,6.0780644,0.20818634,,True,False,False,True
2,47,15,0.4,750,0.40476045,0.004760371,0.016014557,0.019302066,0.018702272,1.0119011,1.0,0.015343325,0.04984719,13.300524,199.50793,6.0714045,0.20822214,,True,False,False,True
3,48,0,0.6,750,0.6000523,5.2399795e-05,0.022594823,0.026005186,0.026012149,1.0000871,1.0,0.02212695,0.051263127,18.090338,271.35483,9.000786,0.19103505,,True,False,False,True
3,49,1,0.6,750,0.60076135,0.0007613949,0.022631302,0.02620816,0.02619994,1.0012689,1.0,0.021625372,0.051217142,18.273643,274.10477,9.011416,0.19274338,,True,False,False,True
3,50,2,0.6,750,0.60018134,0.00018158746,0.022588927,0.026013559,0.026019596,1.0003022,1.0,0.022130327,0.051159035,18.124456,271.86682,9.002725,0.19135427,,True,False,False,True
3,51,3,0.6,750,0.60009795,9.809351e-05,0.022594564,0.026039625,0.026047641,1.0001632,1.0,0.021830048,0.05113156,18.1271,271.9064,9.001476,0.19140866,,True,False,False,True
3,52,4,0.6,750,0.6004322,0.00043221927,0.022682356,0.026238948,0.026236316,1.0007203,1.0,0.021188498,0.051209807,18.299278,274.4891,9.006481,0.19311939,,True,False,False,True
3,53,5,0.6,750,0.60038257,0.00038283347,0.022699919,0.026248269,0.026253916,1.0006375,1.0,0.021170031,0.051297937,18.280407,274.20624,9.005748,0.19293608,,True,False,False,True
3,54,6,0.6,750,0.60042244,0.00042229454,0.022574475,0.026042433,0.026033908,1.000704,1.0,0.022150386,0.051175587,18.136385,272.04596,9.006341,0.19140346,,True,False,False,True
3,55,7,0.6,750,0.60061795,0.0006180545,0.022566233,0.0260677,0.026065942,1.0010298,1.0,0.022194918,0.051226787,18.151194,272.26776,9.009263,0.1914974,,True,False,False,True
3,56,8,0.6,750,0.6003565,0.000356687,0.022572046,0.026033696,0.026039632,1.0005941,1.0,0.022224052,0.05115605,18.128878,271.933,9.005348,0.1913451,,True,False,False,True
3,57,9,0.6,750,0.6002817,0.00028199275,0.022590924,0.02603979,0.026045354,1.0004694,1.0,0.022206152,0.051195428,18.115131,271.72687,9.004235,0.19122368,,True,False,False,True
3,58,10,0.6,750,0.6008821,0.00088184676,0.022547243,0.026112158,0.026096223,1.0014701,1.0,0.022016784,0.051167663,18.17204,272.58072,9.013225,0.19163324,,True,False,False,True
3,59,11,0.6,750,0.60091805,0.0009182538,0.022586064,0.026146086,0.026134454,1.00153,1.0,0.022119412,0.051250584,18.177452,272.6619,9.013771,0.1916787,,True,False,False,True
3,60,12,0.6,750,0.60014164,0.00014158583,0.02273248,0.026264502,0.026268102,1.000236,1.0,0.020770924,0.051214635,18.336987,275.0548,9.002133,0.19361086,,True,False,False,True
3,61,13,0.6,750,0.60034645,0.00034594463,0.022579728,0.026028171,0.026016159,1.0005773,1.0,0.022186466,0.051198997,18.120302,271.80453,9.005188,0.1912581,,True,False,False,True
3,62,14,0.6,750,0.6001318,0.00013191032,0.022744281,0.026271302,0.026273206,1.0002196,1.0,0.020798286,0.05116486,18.34703,275.20557,9.00198,0.19372027,,True,False,False,True
3,63,15,0.6,750,0.60038173,0.00038182933,0.022594165,0.02605527,0.026056223,1.0006362,1.0,0.022155816,0.05122415,18.124763,271.87155,9.005729,0.19129376,,True,False,False,True
4,64,0,0.8,750,0.80070776,0.0007075154,0.029775793,0.03424739,0.034233704,1.0008847,1.0,0.046059806,0.04861818,25.850044,387.75052,12.010611,0.2045706,,True,False,False,True
4,65,1,0.8,750,0.80064183,0.0006418237,0.029786015,0.0342544,0.034252852,1.0008023,1.0,0.046083964,0.0485905,25.84134,387.62,12.009628,0.20451845,,True,False,False,True
4,66,2,0.8,750,0.80205756,0.0020574958,0.029757408,0.034340102,0.03427199,1.002572,1.0,0.04549802,0.048300155,25.810217,387.1534,12.030853,0.2039119,,True,False,False,True
4,67,3,0.8,750,0.80085415,0.00085409445,0.029811164,0.034300786,0.03428242,1.0010676,1.0,0.04595228,0.048628498,25.854998,387.825,12.012814,0.20457238,,True,False,False,True
4,68,4,0.8,750,0.8020651,0.0020648406,0.02978685,0.034359813,0.034291983,1.0025814,1.0,0.04534148,0.048347514,25.824339,387.3648,12.030977,0.20402114,,True,False,False,True
4,69,5,0.8,750,0.8008948,0.00089511054,0.02981937,0.034310378,0.03430849,1.0011184,1.0,0.045989953,0.04851796,25.867943,388.0195,12.013432,0.20466444,,True,False,False,True
4,70,6,0.8,750,0.802093,0.0020930695,0.029796006,0.03437489,0.03431631,1.0026163,1.0,0.04528138,0.048336696,25.833038,387.49573,12.03139,0.2040831,,True,False,False,True
4,71,7,0.8,750,0.80093294,0.00093219883,0.029816104,0.03430745,0.034276336,1.0011661,1.0,0.045984603,0.048539195,25.868177,388.02258,12.013983,0.20465668,,True,False,False,True
4,72,8,0.8,750,0.8016477,0.0016480631,0.029682243,0.03424385,0.03420758,1.0020596,1.0,0.045667764,0.04809315,25.790106,386.85196,12.024716,0.20385711,,True,False,False,True
4,73,9,0.8,750,0.80182505,0.0018245411,0.02971311,0.034284875,0.034223255,1.0022813,1.0,0.045645583,0.048189525,25.791576,386.8735,12.027374,0.20382342,,True,False,False,True
4,74,10,0.8,750,0.80071175,0.0007118443,0.029784635,0.03427343,0.03427199,1.0008897,1.0,0.045954917,0.04856945,25.846802,387.702,12.010683,0.20454377,,True,False,False,True
4,75,11,0.8,750,0.8020848,0.0020847688,0.029796684,0.034374002,0.03430849,1.002606,1.0,0.045287915,0.048337333,25.840612,387.60904,12.031277,0.20414469,,True,False,False,True
4,76,12,0.8,750,0.8020831,0.0020833928,0.029793879,0.03437063,0.034311097,1.0026038,1.0,0.045292083,0.048337646,25.836823,387.55212,12.031249,0.20411518,,True,False,False,True
4,77,13,0.8,750,0.80079174,0.0007917992,0.029786207,0.034275033,0.03426851,1.0009897,1.0,0.04602112,0.048498698,25.851254,387.76865,12.011874,0.20455864,,True,False,False,True
4,78,14,0.8,750,0.8020481,0.002048247,0.029791005,0.034362204,0.034298066,1.0025601,1.0,0.04532129,0.048351523,25.822456,387.33664,12.030723,0.20401062,,True,False,False,True
4,79,15,0.8,750,0.8020327,0.0020336113,0.029791964,0.034359895,0.034318913,1.0025408,1.0,0.045323655,0.04835667,25.827381,387.4105,12.030501,0.20405328,,True,False,False,True
5,80,0,1.0,750,1.0050594,0.005059407,0.035477392,0.04144789,0.04113317,1.0050594,1.0,0.075505815,0.04759119,40.291718,604.3757,15.075893,0.25402698,,True,False,False,True
5,81,1,1.0,750,1.0050583,0.0050583547,0.035477273,0.04144741,0.041134614,1.0050583,1.0,0.07550378,0.047590725,40.289585,604.3437,15.075884,0.2540137,,True,False,False,True
5,82,2,1.0,750,1.0050482,0.005048486,0.03547732,0.04144611,0.041134614,1.0050482,1.0,0.075499125,0.047592625,40.292336,604.38464,15.0757265,0.25403357,,True,False,False,True
5,83,3,1.0,750,1.0050627,0.0050615603,0.035476997,0.04144732,0.041112874,1.0050627,1.0,0.07550744,0.047587737,40.282642,604.2398,15.075916,0.25396946,,True,False,False,True
5,84,4,1.0,750,1.0050504,0.0050507486,0.035478365,0.04144709,0.04114331,1.0050504,1.0,0.07551412,0.04758703,40.290894,604.36334,15.075758,0.2540241,,True,False,False,True
5,85,5,1.0,750,1.0050442,0.0050441828,0.035477936,0.041446097,0.04113027,1.0050442,1.0,0.075497754,0.047594685,40.296516,604.44824,15.07566,0.2540614,,True,False,False,True
5,86,6,1.0,750,1.0050457,0.005045905,0.035477627,0.041445743,0.041146208,1.0050457,1.0,0.07550101,0.047592845,40.29179,604.3763,15.075684,0.25403076,,True,False,False,True
5,87,7,1.0,750,1.0050511,0.0050508548,0.035477325,0.04144605,0.04112592,1.0050511,1.0,0.075503536,0.047588877,40.287037,604.3058,15.075762,0.2539998,,True,False,False,True
5,88,8,1.0,750,1.0050534,0.0050529987,0.03547753,0.0414467,0.04113317,1.0050534,1.0,0.07550067,0.04758927,40.287212,604.3082,15.075796,0.25400025,,True,False,False,True
5,89,9,1.0,750,1.0050462,0.005046625,0.03547774,0.04144597,0.04114476,1.0050462,1.0,0.075501494,0.047591563,40.29146,604.3718,15.075701,0.25402862,,True,False,False,True
5,90,10,1.0,750,1.005044,0.005043954,0.035477705,0.041445624,0.04113172,1.005044,1.0,0.07549988,0.047593683,40.29404,604.4111,15.075657,0.25404584,,True,False,False,True
5,91,11,1.0,750,1.0050509,0.005051364,0.035477508,0.041446336,0.041138962,1.0050509,1.0,0.07550266,0.0475886,40.287052,604.3055,15.075765,0.25399962,,True,False,False,True
5,92,12,1.0,750,1.0050547,0.0050536576,0.035476852,0.04144599,0.041120123,1.0050547,1.0,0.075503185,0.047589898,40.28509,604.2762,15.075813,0.2539865,,True,False,False,True
5,93,13,1.0,750,1.0050507,0.0050506545,0.035476904,0.041445553,0.041136064,1.0050507,1.0,0.075507835,0.04759033,40.28477,604.27155,15.075758,0.2539855,,True,False,False,True
5,94,14,1.0,750,1.0050493,0.005049678,0.03547797,0.04144669,0.04114476,1.0050493,1.0,0.07549817,0.04760078,40.28969,604.3459,15.075738,0.25401708,,True,False,False,True
5,95,15,1.0,750,1.0050486,0.005048805,0.035477147,0.041445818,0.041136064,1.0050486,1.0,0.07550594,0.047592595,40.28973,604.34576,15.075728,0.25401717,,True,False,False,True
6,96,0,1.2,750,1.1983285,-0.0016705389,0.041513525,0.047734726,0.047739327,0.99860704,1.0,0.06652983,0.054454077,57.344574,860.1685,17.97494,0.3032299,,True,False,False,True
6,97,1,1.2,750,1.198835,-0.0011651996,0.041579098,0.047895554,0.04787647,0.99902916,1.0,0.067239136,0.054901134,57.501442,862.5216,17.982527,0.30393115,,True,False,False,True
6,98,2,1.2,750,1.1982764,-0.0017241206,0.041571375,0.047787987,0.047749314,0.99856365,1.0,0.06702049,0.05466875,57.45687,861.8533,17.97413,0.30383748,,True,False,False,True
6,99,3,1.2,750,1.1985312,-0.0014697583,0.041554686,0.047820233,0.04778051,0.9987759,1.0,0.06764268,0.05518816,57.429585,861.4439,17.977959,0.3036285,,True,False,False,True
6,100,4,1.2,750,1.1986816,-0.0013189624,0.041518487,0.047843892,0.04782166,0.9989013,1.0,0.067173086,0.05467283,57.31353,859.7028,17.980225,0.30297664,,True,False,False,True
6,101,5,1.2,750,1.1985451,-0.0014555195,0.041545495,0.04781339,0.047771778,0.9987875,1.0,0.06733456,0.054994695,57.456165,861.8433,17.978174,0.30376562,,True,False,False,True
6,102,6,1.2,750,1.1982571,-0.0017431135,0.04156259,0.047784362,0.047750562,0.99854755,1.0,0.06703905,0.054672744,57.437187,861.55774,17.97386,0.30373788,,True,False,False,True
6,103,7,1.2,750,1.1984551,-0.0015449807,0.041567102,0.047833003,0.04780296,0.99871254,1.0,0.0676133,0.055186387,57.428764,861.4308,17.976835,0.30364287,,True,False,False,True
6,104,8,1.2,750,1.1990173,-0.0009828262,0.04150394,0.047833927,0.04783038,0.99918103,1.0,0.06774522,0.055060543,57.377598,860.6643,17.985254,0.30323067,,True,False,False,True
6,105,9,1.2,750,1.1983588,-0.0016411443,0.04153849,0.047771305,0.047749314,0.99863225,1.0,0.06759669,0.054864846,57.40316,861.0473,17.975388,0.30353212,,True,False,False,True
6,106,10,1.2,750,1.1987108,-0.001289507,0.0415454,0.04785703,0.047839105,0.9989256,1.0,0.06785374,0.054930598,57.395786,860.936,17.980644,0.30340415,,True,False,False,True
6,107,11,1.2,750,1.1981075,-0.001892587,0.041563682,0.047805868,0.04775805,0.99842286,1.0,0.066871345,0.0549903,57.452,861.78033,17.971626,0.3038541,,True,False,False,True
6,108,12,1.2,750,1.1986536,-0.0013462357,0.041520506,0.047788292,0.04778051,0.99887794,1.0,0.06708082,0.054698516,57.483406,862.25146,17.979809,0.30388188,,True,False,False,True
6,109,13,1.2,750,1.1983082,-0.0016918031,0.04158143,0.047845963,0.04781418,0.9985902,1.0,0.066701904,0.054647937,57.386078,860.79175,17.97463,0.30345482,,True,False,False,True
6,110,14,1.2,750,1.1987742,-0.0012256559,0.04154078,0.047860965,0.047851562,0.9989785,1.0,0.0674261,0.05516446,57.40863,861.12854,17.981619,0.30345556,,True,False,False,True
6,111,15,1.2,750,1.1984081,-0.0015913883,0.0415543,0.047809895,0.047804207,0.9986734,1.0,0.06652086,0.054617204,57.318947,859.7843,17.97613,0.3030744,,True,False,False,True
7,112,0,1.4,750,1.3716681,-0.028331975,0.052250158,0.05909659,0.051872846,0.979763,1.0,0.0426753,0.065505885,83.54373,1253.1566,20.575016,0.38594115,,True,False,False,True
7,113,1,1.4,750,1.3710544,-0.02894568,0.052507162,0.059402946,0.05186365,0.9793246,1.0,0.042476024,0.06549177,83.38753,1250.8125,20.565798,0.3853919,,True,False,False,True
7,114,2,1.4,750,1.3714162,-0.028582912,0.052352685,0.059219114,0.05190271,0.979583,1.0,0.042714655,0.06544531,83.479164,1252.1865,20.571272,0.3857126,,True,False,False,True
7,115,3,1.4,750,1.3713421,-0.02865828,0.052350495,0.059216436,0.051822264,0.97953004,1.0,0.04265943,0.065184,83.35254,1250.2872,20.570124,0.38514903,,True,False,False,True
7,116,4,1.4,750,1.3714885,-0.028511614,0.052309528,0.059166513,0.05184871,0.97963464,1.0,0.04271834,0.06540854,83.46513,1251.9779,20.572313,0.3856288,,True,False,False,True
7,117,5,1.4,750,1.3712685,-0.0287309,0.05237538,0.059242338,0.051821113,0.9794775,1.0,0.042814955,0.06570701,83.452065,1251.7811,20.569046,0.38562942,,True,False,False,True
7,118,6,1.4,750,1.371299,-0.02870131,0.052391943,0.05925709,0.051832613,0.97949934,1.0,0.042638008,0.0655808,83.4648,1251.972,20.569489,0.38567993,,True,False,False,True
7,119,7,1.4,750,1.3717271,-0.028272627,0.05219984,0.059036985,0.051833764,0.9798051,1.0,0.04281824,0.06561022,83.54275,1253.141,20.57591,0.38591954,,True,False,False,True
7,120,8,1.4,750,1.3714942,-0.028505448,0.052314017,0.05917583,0.051871695,0.9796387,1.0,0.0424373,0.06536242,83.42474,1251.3707,20.572407,0.38544002,,True,False,False,True
7,121,9,1.4,750,1.371283,-0.028716914,0.052366897,0.05924007,0.05181536,0.9794879,1.0,0.043130055,0.06537395,83.399704,1250.9952,20.569258,0.38538337,,True,False,False,True
7,122,10,1.4,750,1.3714888,-0.02851169,0.052342325,0.059210345,0.051872846,0.9796349,1.0,0.042854033,0.06588547,83.57095,1253.5636,20.572329,0.38611692,,True,False,False,True
7,123,11,1.4,750,1.3716848,-0.028314883,0.052187957,0.059028048,0.051801555,0.9797749,1.0,0.042521056,0.06499929,83.40401,1251.0591,20.575281,0.3852902,,True,False,False,True
7,124,12,1.4,750,1.3712552,-0.028745249,0.052443188,0.059315998,0.051862504,0.979468,1.0,0.042254396,0.0655078,83.41541,1251.2317,20.568823,0.38546434,,True,False,False,True
7,125,13,1.4,750,1.3715241,-0.028475555,0.052337218,0.059211772,0.051930267,0.9796601,1.0,0.04263414,0.06558584,83.52822,1252.9231,20.572874,0.3859094,,True,False,False,True
7,126,14,1.4,750,1.3711349,-0.028865075,0.0524684,0.05936081,0.0518694,0.9793821,1.0,0.042609252,0.065777846,83.47691,1252.1534,20.567024,0.38578203,,True,False,False,True
7,127,15,1.4,750,1.3714051,-0.028595923,0.05235226,0.05923911,0.05184296,0.9795751,1.0,0.042726528,0.06559914,83.49443,1252.4163,20.571064,0.38578725,,True,False,False,True
8,128,0,1.6,750,1.5789145,-0.021084977,0.05165689,0.05916505,0.05528586,0.9868216,1.0,0.047363896,0.0655521,107.70606,1615.5903,23.683727,0.4322521,,True,False,False,True
8,129,1,1.6,750,1.5775075,-0.02249304,0.05203123,0.059638634,0.055203862,0.9859422,1.0,0.046736054,0.06552071,107.893166,1618.3976,23.662605,0.4333897,,True,False,False,True
8,130,2,1.6,750,1.5777031,-0.02229714,0.05194058,0.0595838,0.055262133,0.98606443,1.0,0.04516998,0.065481625,107.77939,1616.6907,23.66556,0.43287855,,True,False,False,True
8,131,3,1.6,750,1.5746967,-0.025303794,0.052803945,0.06054586,0.054989662,0.9841854,1.0,0.04682111,0.065820314,107.52828,1612.9247,23.62045,0.43269497,,True,False,False,True
8,132,4,1.6,750,1.5762432,-0.023756666,0.052159876,0.059648015,0.05472019,0.98515195,1.0,0.049593102,0.066263095,107.446144,1611.6936,23.643658,0.43194032,,True,False,False,True
8,133,5,1.6,750,1.5768296,-0.02317135,0.052025523,0.059611775,0.05491156,0.98551846,1.0,0.04666978,0.06564882,107.80742,1617.1106,23.652433,0.43323126,,True,False,False,True
8,134,6,1.6,750,1.5783535,-0.02164714,0.051817983,0.05942292,0.0553225,0.98647094,1.0,0.04487902,0.065731995,108.0454,1620.6802,23.67529,0.43376842,,True,False,False,True
8,135,7,1.6,750,1.5774217,-0.022578156,0.051931296,0.059520915,0.055074144,0.98588854,1.0,0.04659562,0.065086305,107.86804,1618.0212,23.661339,0.4333121,,True,False,False,True
8,136,8,1.6,750,1.5750643,-0.024935909,0.052822992,0.06048484,0.0551066,0.9844152,1.0,0.048343446,0.06583904,107.64732,1614.7101,23.625967,0.43307275,,True,False,False,True
8,137,9,1.6,750,1.5795195,-0.020480473,0.051333696,0.058893364,0.05521034,0.98719966,1.0,0.04455191,0.06604841,107.80388,1617.0593,23.692785,0.43247974,,True,False,False,True
8,138,10,1.6,750,1.5755383,-0.024462217,0.052489877,0.060008124,0.05479203,0.9847114,1.0,0.049043402,0.066387914,107.55199,1613.2795,23.63308,0.43255886,,True,False,False,True
8,139,11,1.6,750,1.5744388,-0.025561046,0.052989725,0.06090351,0.05529017,0.9840242,1.0,0.045810975,0.06588872,107.78556,1616.782,23.616583,0.43380076,,True,False,False,True
8,140,12,1.6,750,1.5779712,-0.022029398,0.051814724,0.05928078,0.05502217,0.986232,1.0,0.04790663,0.065791294,107.868774,1618.0314,23.669561,0.4331643,,True,False,False,True
8,141,13,1.6,750,1.5773346,-0.022665545,0.05211787,0.05972092,0.05525135,0.9858341,1.0,0.044669185,0.06580628,108.21938,1623.2894,23.660025,0.43474707,,True,False,False,True
8,142,14,1.6,750,1.5748967,-0.02510283,0.052738898,0.060560785,0.05513904,0.98431045,1.0,0.047072697,0.065961525,107.48047,1612.2078,23.623447,0.43244776,,True,False,False,True
8,143,15,1.6,750,1.5753655,-0.02463423,0.05283268,0.060611755,0.055391412,0.98460346,1.0,0.044146452,0.06588735,107.9628,1619.441,23.63046,0.43425906,,True,False,False,True
9,144,0,1.8,750,1.7817187,-0.018281238,0.051313125,0.058470152,0.055535417,0.9898438,1.0,0.027650114,0.06898713,142.64058,2139.6096,26.725796,0.50729406,,True,False,False,True
9,145,1,1.8,750,1.7807144,-0.019286342,0.051578782,0.058826484,0.055574045,0.9892858,1.0,0.027056087,0.06957992,142.65706,2139.8572,26.710684,0.5076399,,True,False,False,True
9,146,2,1.8,750,1.7818502,-0.018149408,0.051318333,0.058581498,0.055706877,0.9899168,1.0,0.028193181,0.06963907,143.25063,2148.7593,26.72776,0.509426,,True,False,False,True
9,147,3,1.8,750,1.7813622,-0.018639233,0.05148587,0.058705706,0.055616926,0.98964566,1.0,0.027387144,0.06952184,143.00482,2145.071,26.720407,0.50869155,,True,False,False,True
9,148,4,1.8,750,1.7800283,-0.01997323,0.051798224,0.05912419,0.05558048,0.98890465,1.0,0.028417168,0.06956398,142.95576,2144.3372,26.700386,0.50889885,,True,False,False,True
9,149,5,1.8,750,1.781791,-0.018208234,0.05129992,0.058491655,0.05559549,0.9898839,1.0,0.026795456,0.06940692,143.09885,2146.4802,26.726873,0.50890255,,True,False,False,True
9,150,6,1.8,750,1.7796599,-0.020339806,0.05194962,0.05924501,0.055625502,0.9887,1.0,0.028950121,0.06940531,142.5389,2138.0835,26.694893,0.50751907,,True,False,False,True
9,151,7,1.8,750,1.7812915,-0.018708397,0.05153731,0.058713943,0.055644784,0.9896064,1.0,0.027503973,0.06949323,142.98439,2144.7666,26.719374,0.50863904,,True,False,False,True
9,152,8,1.8,750,1.7823064,-0.01769407,0.051120408,0.05823385,0.055460237,0.99017024,1.0,0.02750435,0.06884028,142.57709,2138.6592,26.734581,0.5069021,,True,False,False,True
9,153,9,1.8,750,1.7808228,-0.019177765,0.051725667,0.058966137,0.055723995,0.989346,1.0,0.028031584,0.06871926,143.1847,2147.77,26.712318,0.5094858,,True,False,False,True
9,154,10,1.8,750,1.7812442,-0.018755393,0.051447555,0.058678452,0.055616926,0.9895801,1.0,0.027901126,0.06877595,142.23373,2133.5056,26.71867,0.50598174,,True,False,False,True
9,155,11,1.8,750,1.7790511,-0.020948345,0.052130096,0.059504855,0.055702597,0.9883617,0.99866664,0.029390698,0.069910824,142.60272,2139.042,26.68577,0.5079202,,True,False,False,True
9,156,12,1.8,750,1.7817177,-0.018282173,0.051308442,0.058508802,0.05560621,0.9898432,1.0,0.027647246,0.06917874,143.13757,2147.0642,26.725782,0.5090618,,True,False,False,True
9,157,13,1.8,750,1.7807249,-0.019276679,0.051737472,0.05902004,0.05574966,0.9892916,1.0,0.029240558,0.06933128,142.67824,2140.173,26.710854,0.5077116,,True,False,False,True
9,158,14,1.8,750,1.7799037,-0.020096114,0.05189105,0.05910374,0.05559549,0.9888354,1.0,0.030107051,0.06983194,143.28131,2149.2202,26.69857,0.5100924,,True,False,False,True
9,159,15,1.8,750,1.7805818,-0.019419648,0.05156531,0.058803894,0.05543659,0.98921216,1.0,0.028365541,0.069099516,142.58403,2138.759,26.708708,0.50741684,,True,False,False,True
10,160,0,2.0,750,2.044056,0.044055715,0.055707153,0.07061063,0.055177942,1.022028,1.0,0.018497644,0.070985034,198.53563,2978.0342,30.660816,0.6154629,,True,False,False,True
10,161,1,2.0,750,2.0418901,0.04189091,0.0544478,0.068960026,0.054813784,1.0209451,1.0,0.01825003,0.07105631,198.21117,2973.1682,30.628351,0.6151086,,True,False,False,True
10,162,2,2.0,750,2.0435362,0.043537386,0.055275664,0.07011299,0.055009168,1.0217681,1.0,0.018588686,0.07054924,198.69942,2980.4924,30.653074,0.61612654,,True,False,False,True
10,163,3,2.0,750,2.0434818,0.043480907,0.05530897,0.07011938,0.054996163,1.0217409,1.0,0.018699707,0.07081651,198.46574,2976.9863,30.652206,0.6154192,,True,False,False,True
10,164,4,2.0,750,2.0398808,0.039881364,0.05432939,0.068392254,0.055574045,1.0199404,1.0,0.017767325,0.07171026,197.63158,2964.4717,30.598219,0.6139133,,True,False,False,True
10,165,5,2.0,750,2.0438685,0.043869134,0.055494584,0.07032486,0.05499183,1.0219343,1.0,0.0188694,0.07034235,198.78194,2981.7253,30.658054,0.6162813,,True,False,False,True
10,166,6,2.0,750,2.042331,0.04233064,0.055015136,0.06957214,0.055190902,1.0211655,1.0,0.018059991,0.07143961,198.0849,2971.2754,30.63497,0.6145842,,True,False,False,True
10,167,7,2.0,750,2.0418673,0.041867036,0.055100784,0.06959827,0.05556117,1.0209336,1.0,0.018020067,0.07109773,198.17899,2972.6853,30.628014,0.61501545,,True,False,False,True
10,168,8,2.0,750,2.0418534,0.041852854,0.054970764,0.069351874,0.055255663,1.0209267,1.0,0.018402832,0.070971325,198.27315,2974.0977,30.62781,0.61531174,,True,False,False,True
10,169,9,2.0,750,2.042654,0.04265436,0.055315085,0.06980607,0.05527292,1.021327,1.0,0.01803816,0.07117251,198.36615,2975.4917,30.639814,0.61535895,,True,False,False,True
10,170,10,2.0,750,2.0440466,0.044046663,0.055884052,0.07072474,0.05531604,1.0220233,1.0,0.017790806,0.07045817,198.73112,2980.9644,30.660694,0.6160709,,True,False,False,True
10,171,11,2.0,750,2.0409725,0.040974196,0.05438523,0.068597645,0.05510011,1.0204862,1.0,0.019107552,0.070704624,198.14136,2972.1204,30.614601,0.615168,,True,False,False,True
10,172,12,2.0,750,2.0386853,0.038684446,0.05397478,0.06763768,0.055466685,1.0193427,1.0,0.01896496,0.07122254,197.48325,2962.2458,30.580265,0.61381257,,True,False,False,True
10,173,13,2.0,750,2.043501,0.043501068,0.05522639,0.069959305,0.054800734,1.0217505,1.0,0.019877614,0.06992486,198.65935,2979.8928,30.65251,0.61601394,,True,False,False,True
10,174,14,2.0,750,2.0400028,0.04000262,0.053880166,0.06781825,0.054735437,1.0200014,1.0,0.019183489,0.07068715,197.82666,2967.4023,30.600027,0.61448395,,True,False,False,True
10,175,15,2.0,750,2.043561,0.043560658,0.055705037,0.070428886,0.05531173,1.0217805,1.0,0.018451756,0.07089712,198.56223,2978.4348,30.65341,0.61569446,,True,False,False,True
11,176,0,2.2,750,2.2344165,0.034414943,0.0525363,0.06477811,0.05483118,1.0156438,0.92266667,0.019528776,0.09039512,250.92421,3763.8682,33.51624,0.7115985,,True,False,False,True
11,177,1,2.2,750,2.236017,0.036017846,0.05372738,0.06670221,0.056188423,1.0163714,0.91333336,0.017097713,0.089187376,252.10913,3781.6362,33.54026,0.7144457,,True,False,False,True
11,178,2,2.2,750,2.2397134,0.039713085,0.05400561,0.06749249,0.054560922,1.0180515,0.90133333,0.01520383,0.08979598,252.24771,3783.7163,33.595695,0.71365917,,True,False,False,True
11,179,3,2.2,750,2.244348,0.044347387,0.05633165,0.07053798,0.054818135,1.0201582,0.916,0.016298525,0.0892762,253.44304,3801.6448,33.66523,0.71555966,,True,False,False,True
11,180,4,2.2,750,2.2465355,0.0465348,0.056990314,0.071542166,0.05433322,1.0211525,0.9066667,0.01627429,0.08952434,253.80573,3807.084,33.698036,0.7158858,,True,False,False,True
11,181,5,2.2,750,2.2397592,0.039759144,0.053919353,0.067260586,0.054227803,1.0180724,0.90933335,0.016393386,0.08984552,252.18224,3782.734,33.596382,0.71345925,,True,False,False,True
11,182,6,2.2,750,2.242306,0.042306215,0.055024248,0.06875821,0.05421461,1.01923,0.91066664,0.016499437,0.08983031,252.78796,3791.8237,33.634586,0.71436137,,True,False,False,True
11,183,7,2.2,750,2.239379,0.039379243,0.054425195,0.06780636,0.055203862,1.0178995,0.912,0.01693731,0.08948207,252.93105,3793.9639,33.59068,0.71569884,,True,False,False,True
11,184,8,2.2,750,2.236495,0.03649632,0.053763762,0.066625975,0.05580523,1.0165886,0.92266667,0.018528583,0.089833274,251.23262,3768.491,33.547436,0.71181,,True,False,False,True
11,185,9,2.2,750,2.2366,0.03659926,0.052723713,0.06561301,0.054403383,1.0166363,0.91866666,0.017832415,0.09061207,252.22623,3783.3933,33.54901,0.7145912,,True,False,False,True
11,186,10,2.2,750,2.235047,0.035046943,0.053555347,0.066281475,0.05623508,1.0159305,0.916,0.017534478,0.08930223,250.61845,3759.2769,33.5257,0.7105299,,True,False,False,True
11,187,11,2.2,750,2.2345042,0.03450431,0.052838203,0.06537086,0.055505358,1.0156838,0.916,0.017701853,0.09033379,251.51952,3772.7925,33.517563,0.7132576,,True,False,False,True
11,188,12,2.2,750,2.2366302,0.03662956,0.05363457,0.06659757,0.05556117,1.0166501,0.91466665,0.017075894,0.08953879,251.88388,3778.261,33.54946,0.71361226,,True,False,False,True
11,189,13,2.2,750,2.241326,0.041326795,0.05454488,0.068296835,0.054407768,1.0187845,0.90133333,0.015819399,0.08937977,253.43715,3801.5537,33.61992,0.7165069,,True,False,False,True
11,190,14,2.2,750,2.2404778,0.04047927,0.05445681,0.06800406,0.054735437,1.018399,0.908,0.016882386,0.08974131,252.52446,3787.8672,33.607193,0.71419764,,True,False,False,True
11,191,15,2.2,750,2.2383966,0.038396873,0.053897485,0.06717598,0.055117417,1.017453,0.90933335,0.017086947,0.08985912,251.99782,3779.9678,33.575947,0.7133715,,True,False,False,True
12,192,0,2.4,750,2.4441767,0.044174712,0.05886621,0.071216226,0.055796683,1.0184069,0.864,0.03156631,0.1176393,302.86368,4542.954,36.662632,0.78518254,,True,False,False,True
12,193,1,2.4,750,2.4447849,0.044784084,0.059037164,0.07183198,0.056154467,1.0186603,0.86,0.0325886,0.118660785,302.81146,4542.1704,36.671772,0.78485143,,True,False,False,True
12,194,2,2.4,750,2.4406807,0.040679324,0.05731108,0.06913953,0.055830855,1.0169502,0.85466665,0.031968497,0.11829652,301.94714,4529.211,36.610207,0.7839282,,True,False,False,True
12,195,3,2.4,750,2.4382544,0.03825564,0.05628478,0.0678148,0.05603546,1.0159392,0.85733336,0.03290622,0.11820149,301.0294,4515.444,36.573864,0.78232193,,True,False,False,True
12,196,4,2.4,750,2.4464822,0.04648133,0.059299216,0.07223354,0.05524703,1.0193676,0.856,0.029926503,0.11772443,303.14783,4547.2197,36.69722,0.785179,,True,False,False,True
12,197,5,2.4,750,2.4427514,0.042752553,0.05812968,0.070475526,0.056052476,1.0178131,0.85466665,0.031032212,0.11841575,301.761,4526.4126,36.641277,0.7827795,,True,False,False,True
12,198,6,2.4,750,2.4392612,0.03926148,0.05701327,0.06876874,0.05646778,1.0163587,0.85466665,0.03323358,0.11831794,301.63364,4524.504,36.588947,0.7835685,,True,False,False,True
12,199,7,2.4,750,2.4416363,0.041637007,0.05774552,0.06998973,0.05629017,1.0173484,0.848,0.033384193,0.118455425,301.8629,4527.94,36.624573,0.7834008,,True,False,False,True
12,200,8,2.4,750,2.442211,0.042210322,0.05797818,0.07023318,0.056133233,1.0175878,0.852,0.030358564,0.11906868,302.5216,4537.824,36.633163,0.7849268,,True,False,False,True
12,201,9,2.4,750,2.4398036,0.0398012,0.05721467,0.06915157,0.05645511,1.0165848,0.848,0.031414278,0.11931933,301.30676,4519.5967,36.597027,0.78254586,,True,False,False,True
12,202,10,2.4,750,2.4343936,0.034393545,0.05545927,0.06676679,0.057218563,1.0143306,0.856,0.03240399,0.11851722,299.58295,4493.745,36.515903,0.7797983,,True,False,False,True
12,203,11,2.4,750,2.4515095,0.05150767,0.062073566,0.0757805,0.055509653,1.0214622,0.864,0.030301295,0.11882287,305.94092,4589.1157,36.772614,0.79078865,,True,False,False,True
12,204,12,2.4,750,2.446867,0.046867207,0.059785176,0.07280787,0.055723995,1.0195279,0.85866666,0.03027746,0.11873117,303.93747,4559.0596,36.703003,0.7870994,,True,False,False,True
12,205,13,2.4,750,2.4475474,0.047547482,0.060397346,0.07351451,0.05605673,1.0198114,0.85466665,0.030820016,0.1191747,303.62512,4554.378,36.713215,0.78607243,,True,False,False,True
12,206,14,2.4,750,2.435919,0.035918567,0.05548689,0.066755205,0.056281697,1.0149662,0.86,0.034087375,0.11842057,300.13068,4501.96,36.538788,0.7807346,,True,False,False,True
12,207,15,2.4,750,2.445447,0.045447227,0.059437957,0.072335936,0.05629017,1.0189362,0.852,0.029595328,0.11955862,303.44302,4551.6465,36.6817,0.7862759,,True,False,False,True
13,208,0,2.6,750,2.6324484,0.03244802,0.056966033,0.06706685,0.058650687,1.0124803,0.688,0.040283024,0.14858645,352.25513,5283.8228,39.486732,0.84791625,,True,False,False,False
13,209,1,2.6,750,2.6270852,0.027084216,0.054903716,0.064075924,0.058054157,1.0104175,0.6946667,0.035835896,0.14854424,351.49557,5272.439,39.406246,0.84781754,,True,False,False,False
13,210,2,2.6,750,2.6169658,0.016966138,0.05312058,0.061655216,0.05929351,1.0065253,0.69733334,0.03039062,0.15101549,348.06982,5221.046,39.254498,0.842799,,True,False,False,False
13,211,3,2.6,750,2.630115,0.030115206,0.055775605,0.06517097,0.057790723,1.0115827,0.69733334,0.03819754,0.14765833,353.34293,5300.144,39.451717,0.8512903,,True,False,False,False
13,212,4,2.6,750,2.6312592,0.031259123,0.055406153,0.064589046,0.056514204,1.0120229,0.6893333,0.035507396,0.14901134,354.54517,5318.181,39.46888,0.8538159,,True,False,False,False
13,213,5,2.6,750,2.6265,0.02649993,0.054307844,0.063132696,0.057281032,1.0101923,0.70133334,0.039288115,0.14668663,352.45685,5286.8535,39.39752,0.85032374,,True,False,False,False
13,214,6,2.6,750,2.628877,0.028876694,0.05525529,0.06451948,0.05767509,1.0111065,0.6946667,0.039701134,0.14780937,352.0184,5280.2725,39.433132,0.8484983,,True,False,False,False
13,215,7,2.6,750,2.624038,0.024037417,0.053597625,0.062111076,0.05725605,1.0092454,0.6986667,0.032528993,0.15009984,350.2167,5253.2466,39.360546,0.8457122,,True,False,False,False
13,216,8,2.6,750,2.6272268,0.027227351,0.054659892,0.063609995,0.05745143,1.0104719,0.692,0.033047818,0.14984246,351.44778,5271.7144,39.4084,0.8476547,,True,False,False,False
13,217,9,2.6,750,2.624565,0.02456608,0.054390818,0.063350044,0.0584634,1.009448,0.6893333,0.031812593,0.14906047,350.52176,5257.826,39.368534,0.8462777,,True,False,False,False
13,218,10,2.6,750,2.6259758,0.02597739,0.05431711,0.06340136,0.057860814,1.0099907,0.704,0.036720816,0.14907281,350.99304,5264.8916,39.389675,0.84696007,,True,False,False,False
13,219,11,2.6,750,2.6167445,0.016744323,0.052801546,0.06116614,0.058752228,1.0064403,0.7,0.037581243,0.1489366,347.39227,5210.8813,39.251205,0.8412287,,True,False,False,False
13,220,12,2.6,750,2.624092,0.024091573,0.054068618,0.06290341,0.0580254,1.0092663,0.70133334,0.0461195,0.1483828,350.53436,5258.0137,39.361393,0.8464614,,True,False,False,False
13,221,13,2.6,750,2.6287565,0.028756304,0.05514266,0.06423721,0.057389148,1.0110602,0.6946667,0.03311535,0.14848964,352.8619,5292.9263,39.43133,0.8505705,,True,False,False,False
13,222,14,2.6,750,2.624832,0.024833938,0.05418761,0.0629181,0.057897884,1.0095508,0.70666665,0.038042746,0.14705266,351.43268,5271.491,39.372517,0.84839135,,True,False,False,False
13,223,15,2.6,750,2.6299822,0.029982831,0.055318695,0.06467218,0.057281032,1.0115317,0.69733334,0.037616853,0.14845364,352.07205,5281.082,39.44974,0.84827113,,True,False,False,False
14,224,0,2.8,750,2.7847097,-0.015291061,0.053943567,0.064448684,0.06253051,0.9945392,0.6106667,0.071015984,0.17739828,395.88745,5938.3105,41.770657,0.9008397,,True,False,False,False
14,225,1,2.8,750,2.7899146,-0.010085415,0.05287858,0.062309097,0.061507933,0.9963981,0.6013333,0.065658435,0.18162347,397.7542,5966.312,41.848698,0.90339965,,True,False,False,False
14,226,2,2.8,750,2.7752268,-0.024773968,0.055151638,0.06685864,0.062082805,0.99115247,0.6066667,0.07000499,0.17944703,395.17517,5927.625,41.6284,0.9022916,,True,False,False,False
14,227,3,2.8,750,2.7809622,-0.019035595,0.05538395,0.0669098,0.06422337,0.99320084,0.608,0.064140074,0.18030883,396.16357,5942.447,41.714455,0.9026817,,True,False,False,False
14,228,4,2.8,750,2.7876277,-0.012372584,0.05476056,0.06583893,0.06465626,0.9955813,0.61866665,0.0665054,0.17881067,398.0692,5971.0376,41.814423,0.9048563,,True,False,False,False
14,229,5,2.8,750,2.787959,-0.012041907,0.05301395,0.06284974,0.06167052,0.9956997,0.6026667,0.067996904,0.18015623,398.09308,5971.396,41.819363,0.9048037,,True,False,False,False
14,230,6,2.8,750,2.790127,-0.009874156,0.05413527,0.06423856,0.063405156,0.99647397,0.608,0.06394405,0.18039864,396.83304,5952.488,41.851856,0.9012384,,True,False,False,False
14,231,7,2.8,750,2.7830389,-0.016959997,0.05581885,0.06703896,0.06487345,0.99394244,0.612,0.06494335,0.17846423,396.04562,5940.6885,41.745605,0.90174127,,True,False,False,False
14,232,8,2.8,750,2.786709,-0.013292005,0.05512297,0.066022046,0.06465257,0.99525326,0.604,0.067150675,0.1795303,396.40387,5946.056,41.80063,0.9013679,,True,False,False,False
14,233,9,2.8,750,2.7859457,-0.014054451,0.053340342,0.063412994,0.061836537,0.99498063,0.60933334,0.0697754,0.1779366,396.75583,5951.34,41.789192,0.9024158,,True,False,False,False
14,234,10,2.8,750,2.7868536,-0.01314552,0.054026462,0.0644204,0.06308473,0.9953049,0.61466664,0.06596821,0.17980449,396.85437,5952.8203,41.8028,0.9023465,,True,False,False,False
14,235,11,2.8,750,2.778553,-0.021446615,0.055505123,0.06710962,0.06361913,0.9923404,0.61466664,0.067692295,0.17948136,394.24707,5913.704,41.678295,0.899095,,True,False,False,False
14,236,12,2.8,750,2.7787383,-0.021263424,0.05560098,0.06723176,0.06370901,0.99240655,0.608,0.067270935,0.17768711,393.76196,5906.433,41.681053,0.8979301,,True,False,False,False
14,237,13,2.8,750,2.7889557,-0.011042949,0.05338686,0.063177526,0.062228568,0.9960556,0.6106667,0.06465402,0.18189478,397.18704,5957.8096,41.834362,0.9024214,,True,False,False,False
14,238,14,2.8,750,2.7863746,-0.013626255,0.053640705,0.06397437,0.06246184,0.9951338,0.61333334,0.06701985,0.17954794,395.93655,5939.0464,41.795612,0.9004134,,True,False,False,False
14,239,15,2.8,750,2.7868521,-0.013147484,0.053639922,0.06366154,0.062297493,0.99530435,0.61733335,0.06227395,0.180434,396.03262,5940.4893,41.802814,0.900477,,True,False,False,False
15,240,0,3.0,750,2.9266562,-0.073344864,0.080167964,0.09831358,0.06545155,0.9755521,0.512,0.060153212,0.2139783,443.14157,6647.124,43.89984,0.95945966,,True,False,False,False
15,241,1,3.0,750,2.9239602,-0.076039635,0.081056535,0.09910811,0.06355914,0.9746534,0.54933333,0.06038667,0.21184768,441.86508,6627.978,43.85942,0.95757776,,True,False,False,False
15,242,2,3.0,750,2.920894,-0.07910614,0.084634125,0.102921814,0.06585826,0.9736313,0.528,0.06518487,0.21181163,442.13632,6632.048,43.81341,0.959172,,True,False,False,False
15,243,3,3.0,750,2.9176617,-0.08233915,0.08651035,0.104589485,0.06446052,0.9725539,0.53066665,0.063492924,0.2118253,439.8231,6597.3506,43.764935,0.95521075,,True,False,False,False
15,244,4,3.0,750,2.9195495,-0.080450885,0.08490286,0.10315214,0.064527065,0.97318316,0.532,0.0630135,0.2104604,441.40466,6621.064,43.793255,0.95802414,,True,False,False,False
15,245,5,3.0,750,2.9147825,-0.08521833,0.09016725,0.1087353,0.06748888,0.97159415,0.53466666,0.06179333,0.21127318,438.20132,6573.017,43.721706,0.9526285,,True,False,False,False
15,246,6,3.0,750,2.9210858,-0.07891563,0.084374815,0.10264901,0.06557528,0.9736953,0.5226667,0.06157677,0.21223563,441.26553,6618.979,43.816273,0.95721936,,True,False,False,False
15,247,7,3.0,750,2.9217203,-0.07827952,0.083229445,0.10089027,0.063641615,0.97390676,0.524,0.06024597,0.2113414,442.34195,6635.1255,43.8258,0.9593458,,True,False,False,False
15,248,8,3.0,750,2.9246292,-0.07536998,0.0813797,0.0995,0.0649616,0.9748764,0.52933335,0.0638606,0.2123995,443.42047,6651.3047,43.86944,0.9607285,,True,False,False,False
15,249,9,3.0,750,2.918693,-0.08130683,0.08672585,0.10538752,0.06702805,0.9728977,0.5093333,0.0615327,0.21381979,441.65872,6624.8755,43.780365,0.9588579,,True,False,False,False
15,250,10,3.0,750,2.9273965,-0.07260224,0.07890078,0.09691696,0.06426048,0.97579885,0.53066665,0.05992949,0.21200399,444.29868,6664.4785,43.910976,0.96172076,,True,False,False,False
15,251,11,3.0,750,2.9159863,-0.08401315,0.08886734,0.10734927,0.06688562,0.9719954,0.524,0.060664583,0.21249744,440.28308,6604.24,43.739822,0.95675725,,True,False,False,False
15,252,12,3.0,750,2.9227777,-0.077220924,0.08330855,0.10138247,0.065742314,0.9742592,0.524,0.057929274,0.21169753,438.9179,6583.768,43.841667,0.95157576,,True,False,False,False
15,253,13,3.0,750,2.9157405,-0.0842589,0.08868425,0.10689459,0.06583654,0.9719135,0.53466666,0.06344657,0.21232575,438.87305,6583.096,43.736137,0.95377445,,True,False,False,False
15,254,14,3.0,750,2.9168005,-0.08320013,0.08712902,0.10516017,0.064334646,0.97226685,0.528,0.06429033,0.21122564,439.2102,6588.1523,43.752003,0.95416087,,True,False,False,False
15,255,15,3.0,750,2.9183989,-0.08160035,0.086250275,0.104607195,0.06548068,0.9727996,0.53066665,0.064123705,0.21415366,441.054,6615.8096,43.775978,0.95764166,,True,False,False,False
