terrain_type,geometry_terrain,terrain_level,command_vx,replicate,terrain_column,fixed_course,success,failure_reason,survived,samples,mean_vx,bias_vx,mae_vx,rmse_vx,mae_vy,mae_yaw,traversal_time_s,world_displacement_m,max_lateral_error_m,max_heading_error_deg,mean_power_w,mechanical_cot
random_rough,random_rough,0,0.4,0,20,True,True,,True,514,0.37055930495262146,-0.029440701007843018,0.029440701007843018,0.029440701007843018,nan,nan,10.254766464233398,3.799999237060547,0.194061279296875,4.156329765624608,15.401545524597168,0.26401570439338684
random_rough,random_rough,0,0.4,1,21,True,True,,True,529,0.3600882887840271,-0.03991171717643738,0.03991171717643738,0.03991171717643738,nan,nan,10.55296516418457,3.799999237060547,0.10330963134765625,4.637842307298051,17.070207595825195,0.30115970969200134
random_rough,random_rough,0,0.4,2,22,True,True,,True,524,0.3635483384132385,-0.03645166754722595,0.03645166754722595,0.03645166754722595,nan,nan,10.45252799987793,3.799999237060547,0.08458709716796875,4.157098161906235,15.849238395690918,0.27697592973709106
random_rough,random_rough,0,0.4,3,23,True,True,,True,510,0.3736799955368042,-0.02632001042366028,0.02632001042366028,0.02632001042366028,nan,nan,10.169126510620117,3.799999237060547,0.15010833740234375,7.150963027966876,13.883031845092773,0.23613299429416656
random_rough,random_rough,0,0.4,4,20,True,True,,True,513,0.3709496259689331,-0.029050379991531372,0.029050379991531372,0.029050379991531372,nan,nan,10.243976593017578,3.799999237060547,0.19423675537109375,4.1559771571087065,15.312522888183594,0.26197880506515503
random_rough,random_rough,0,0.6,0,20,True,True,,True,329,0.5788679718971252,-0.021132051944732666,0.021132051944732666,0.021132051944732666,nan,nan,6.564535617828369,3.799999237060547,0.14971160888671875,3.991411006133242,20.166099548339844,0.22126875817775726
random_rough,random_rough,0,0.6,1,21,True,True,,True,338,0.5648425817489624,-0.03515744209289551,0.03515744209289551,0.03515744209289551,nan,nan,6.727536678314209,3.799999237060547,0.06343841552734375,3.9900014258432805,21.608810424804688,0.24358467757701874
random_rough,random_rough,0,0.6,2,22,True,True,,True,334,0.570282518863678,-0.02971750497817993,0.02971750497817993,0.02971750497817993,nan,nan,6.663362979888916,3.799999237060547,0.05126953125,3.9966911692484848,21.749937057495117,0.24227406084537506
random_rough,random_rough,0,0.6,3,23,True,True,,True,328,0.5813927054405212,-0.01860731840133667,0.01860731840133667,0.01860731840133667,nan,nan,6.5360283851623535,3.799999237060547,0.1165771484375,5.652419950952901,18.94811248779297,0.2072727084159851
random_rough,random_rough,0,0.6,4,20,True,True,,True,331,0.5758926868438721,-0.02410733699798584,0.02410733699798584,0.02410733699798584,nan,nan,6.598450183868408,3.799999237060547,0.145904541015625,3.9911548740393665,20.143239974975586,0.22236138582229614
random_rough,random_rough,0,0.8,0,20,True,True,,True,246,0.7742387056350708,-0.025761306285858154,0.025761306285858154,0.025761306285858154,nan,nan,4.908046245574951,3.799999237060547,0.1051788330078125,3.419419802298286,27.272233963012695,0.22374747693538666
random_rough,random_rough,0,0.8,1,21,True,True,,True,251,0.7604721188545227,-0.03952789306640625,0.03952789306640625,0.03952789306640625,nan,nan,4.996894836425781,3.799999237060547,0.06015777587890625,3.4157615956675094,28.407346725463867,0.23779721558094025
random_rough,random_rough,0,0.8,2,22,True,True,,True,252,0.7585533261299133,-0.041446685791015625,0.041446685791015625,0.041446685791015625,nan,nan,5.00953483581543,3.799999237060547,0.0255584716796875,3.4162347997109443,28.76047706604004,0.24171248078346252
random_rough,random_rough,0,0.8,3,23,True,True,,True,246,0.7750779986381531,-0.02492201328277588,0.02492201328277588,0.02492201328277588,nan,nan,4.902731418609619,3.799999237060547,0.068634033203125,4.933904113948247,26.50371742248535,0.21744242310523987
random_rough,random_rough,0,0.8,4,20,True,True,,True,246,0.7733935713768005,-0.026606440544128418,0.026606440544128418,0.026606440544128418,nan,nan,4.913409233093262,3.799999237060547,0.10504913330078125,3.6558544843810936,27.132722854614258,0.2226029485464096
random_rough,random_rough,0,1.0,0,20,True,True,,True,200,0.9579634070396423,-0.042036592960357666,0.042036592960357666,0.042036592960357666,nan,nan,3.966747760772705,3.799999237060547,0.06783294677734375,4.1326563299613435,38.1167106628418,0.2542422413825989
random_rough,random_rough,0,1.0,1,21,True,True,,True,199,0.9608575701713562,-0.0391424298286438,0.0391424298286438,0.0391424298286438,nan,nan,3.9547996520996094,3.799999237060547,0.07826995849609375,6.74687793761152,40.13970184326172,0.2663971781730652
random_rough,random_rough,0,1.0,2,22,True,True,,True,203,0.9396255016326904,-0.06037449836730957,0.06037449836730957,0.06037449836730957,nan,nan,4.044163703918457,3.799999237060547,0.02280426025390625,3.606426112905004,40.610076904296875,0.27493634819984436
random_rough,random_rough,0,1.0,3,23,True,True,,True,198,0.9644091129302979,-0.03559088706970215,0.03559088706970215,0.03559088706970215,nan,nan,3.9402356147766113,3.799999237060547,0.0439605712890625,3.606806895951232,38.52248764038086,0.25437939167022705
random_rough,random_rough,0,1.0,4,20,True,True,,True,199,0.9583098888397217,-0.04169011116027832,0.04169011116027832,0.04169011116027832,nan,nan,3.965313673019409,3.799999237060547,0.0613861083984375,3.578634926945868,38.549415588378906,0.2558428645133972
random_rough,random_rough,0,1.2,0,20,True,True,,True,166,1.1531410217285156,-0.046859025955200195,0.046859025955200195,0.046859025955200195,nan,nan,3.29534649848938,3.799999237060547,0.0353851318359375,4.438711984027738,55.873374938964844,0.3093252182006836
random_rough,random_rough,0,1.2,1,21,True,True,,True,168,1.1369307041168213,-0.06306934356689453,0.06306934356689453,0.06306934356689453,nan,nan,3.3423314094543457,3.799999237060547,0.115081787109375,12.231710232654873,57.01344680786133,0.31943967938423157
random_rough,random_rough,0,1.2,2,22,True,True,,True,170,1.1251614093780518,-0.07483863830566406,0.07483863830566406,0.07483863830566406,nan,nan,3.3772923946380615,3.799999237060547,0.09918975830078125,7.792262295744067,56.45549011230469,0.3200792074203491
random_rough,random_rough,0,1.2,3,23,True,True,,True,168,1.1347328424453735,-0.06526720523834229,0.06526720523834229,0.06526720523834229,nan,nan,3.3488051891326904,3.799999237060547,0.146759033203125,13.179752442283691,54.950626373291016,0.30788201093673706
random_rough,random_rough,0,1.2,4,20,True,True,,True,165,1.1534205675125122,-0.04657948017120361,0.04657948017120361,0.04657948017120361,nan,nan,3.2945477962493896,3.799999237060547,0.05530548095703125,7.3012143831024625,56.50812530517578,0.3109548091888428
random_rough,random_rough,0,1.4,0,20,True,True,,True,142,1.3462803363800049,-0.05371963977813721,0.05371963977813721,0.05371963977813721,nan,nan,2.8225913047790527,3.799999237060547,0.1301116943359375,10.947348654520981,77.73014831542969,0.36811211705207825
random_rough,random_rough,0,1.4,1,21,True,True,,True,143,1.3375171422958374,-0.06248283386230469,0.06248283386230469,0.06248283386230469,nan,nan,2.8410844802856445,3.799999237060547,0.21729278564453125,26.005467151581648,81.0302505493164,0.38644319772720337
random_rough,random_rough,0,1.4,2,22,True,True,,True,145,1.324771523475647,-0.07522845268249512,0.07522845268249512,0.07522845268249512,nan,nan,2.8684184551239014,3.799999237060547,0.24823760986328125,21.116849753151524,76.81597900390625,0.37146851420402527
random_rough,random_rough,0,1.4,3,23,True,True,,True,143,1.3312759399414062,-0.06872403621673584,0.06872403621673584,0.06872403621673584,nan,nan,2.8544039726257324,3.799999237060547,0.20556640625,18.625471659044965,77.24053192138672,0.368369460105896
random_rough,random_rough,0,1.4,4,20,True,True,,True,143,1.3417037725448608,-0.05829620361328125,0.05829620361328125,0.05829620361328125,nan,nan,2.832219362258911,3.799999237060547,0.08654022216796875,11.46951576279481,78.34136962890625,0.37361940741539
random_rough,random_rough,0,1.6,0,20,True,True,,True,124,1.542899489402771,-0.057100534439086914,0.057100534439086914,0.057100534439086914,nan,nan,2.462894916534424,3.799999237060547,0.1004180908203125,10.339155313650842,105.42054748535156,0.4359627068042755
random_rough,random_rough,0,1.6,1,21,True,True,,True,125,1.541426658630371,-0.058573365211486816,0.058573365211486816,0.058573365211486816,nan,nan,2.4652481079101562,3.799999237060547,0.1277008056640625,14.48189641792171,105.22643280029297,0.4386693835258484
random_rough,random_rough,0,1.6,2,22,True,True,,True,124,1.5419352054595947,-0.058064818382263184,0.058064818382263184,0.058064818382263184,nan,nan,2.46443510055542,3.799999237060547,0.322174072265625,29.525736404522466,109.46868896484375,0.45270371437072754
random_rough,random_rough,0,1.6,3,23,True,False,heading error limit exceeded,False,113,nan,nan,nan,nan,nan,nan,nan,nan,0.248016357421875,30.135419580405312,nan,nan
random_rough,random_rough,0,1.6,4,20,True,True,,True,124,1.540292501449585,-0.05970752239227295,0.05970752239227295,0.05970752239227295,nan,nan,2.4670634269714355,3.799999237060547,0.09531402587890625,10.676187583150536,103.74978637695312,0.4290534257888794
random_rough,random_rough,0,1.8,0,20,True,True,,True,108,1.7690383195877075,-0.03096163272857666,0.03096163272857666,0.03096163272857666,nan,nan,2.148059368133545,3.799999237060547,0.0829620361328125,10.975753703731773,134.028076171875,0.4827495515346527
random_rough,random_rough,0,1.8,1,21,True,True,,True,110,1.7313990592956543,-0.06860089302062988,0.06860089302062988,0.06860089302062988,nan,nan,2.194756507873535,3.799999237060547,0.03794097900390625,3.8531223004421093,130.76156616210938,0.47970592975616455
random_rough,random_rough,0,1.8,2,22,True,True,,True,109,1.7576572895050049,-0.0423426628112793,0.0423426628112793,0.0423426628112793,nan,nan,2.161968231201172,3.799999237060547,0.28612518310546875,27.50659075944142,137.46392822265625,0.4997096657752991
random_rough,random_rough,0,1.8,3,23,True,False,heading error limit exceeded,False,93,nan,nan,nan,nan,nan,nan,nan,nan,0.35144805908203125,30.635170861596805,nan,nan
random_rough,random_rough,0,1.8,4,20,True,True,,True,108,1.7646673917770386,-0.035332560539245605,0.035332560539245605,0.035332560539245605,nan,nan,2.1533799171447754,3.799999237060547,0.08394622802734375,9.805923298921593,133.47145080566406,0.48074474930763245
random_rough,random_rough,0,2.0,0,20,True,True,,True,99,1.9441739320755005,-0.05582606792449951,0.05582606792449951,0.05582606792449951,nan,nan,1.9545572996139526,3.799999237060547,0.16629791259765625,19.629820240644076,164.09901428222656,0.5418055057525635
random_rough,random_rough,0,2.0,1,21,True,True,,True,98,1.96649169921875,-0.03350830078125,0.03350830078125,0.03350830078125,nan,nan,1.9323749542236328,3.799999237060547,0.2236328125,26.9680098528184,166.12135314941406,0.5429425239562988
random_rough,random_rough,0,2.0,2,22,True,False,heading error limit exceeded,False,85,nan,nan,nan,nan,nan,nan,nan,nan,0.3536529541015625,31.83706558946561,nan,nan
random_rough,random_rough,0,2.0,3,23,True,False,heading error limit exceeded,False,91,nan,nan,nan,nan,nan,nan,nan,nan,0.24367523193359375,30.387139372076962,nan,nan
random_rough,random_rough,0,2.0,4,20,True,True,,True,98,1.9679722785949707,-0.0320277214050293,0.0320277214050293,0.0320277214050293,nan,nan,1.9309210777282715,3.799999237060547,0.14844512939453125,21.025550614515964,171.46385192871094,0.5604038238525391
random_rough,random_rough,0,2.2,0,20,True,False,heading error limit exceeded,False,70,nan,nan,nan,nan,nan,nan,nan,nan,0.4055938720703125,30.393850032936502,nan,nan
random_rough,random_rough,0,2.2,1,21,True,False,heading error limit exceeded,False,80,nan,nan,nan,nan,nan,nan,nan,nan,0.43173980712890625,30.96796158362192,nan,nan
random_rough,random_rough,0,2.2,2,22,True,False,heading error limit exceeded,False,76,nan,nan,nan,nan,nan,nan,nan,nan,0.4119720458984375,31.502188244649055,nan,nan
random_rough,random_rough,0,2.2,3,23,True,False,heading error limit exceeded,False,75,nan,nan,nan,nan,nan,nan,nan,nan,0.43683624267578125,31.377482650782962,nan,nan
random_rough,random_rough,0,2.2,4,20,True,False,heading error limit exceeded,False,74,nan,nan,nan,nan,nan,nan,nan,nan,0.3844451904296875,30.80530745872724,nan,nan
random_rough,random_rough,0,2.4,0,20,True,False,heading error limit exceeded,False,58,nan,nan,nan,nan,nan,nan,nan,nan,0.43253326416015625,30.176820772059347,nan,nan
random_rough,random_rough,0,2.4,1,21,True,False,heading error limit exceeded,False,64,nan,nan,nan,nan,nan,nan,nan,nan,0.47058868408203125,30.012650345168918,nan,nan
random_rough,random_rough,0,2.4,2,22,True,False,heading error limit exceeded,False,67,nan,nan,nan,nan,nan,nan,nan,nan,0.44040679931640625,30.19514616960249,nan,nan
random_rough,random_rough,0,2.4,3,23,True,False,heading error limit exceeded,False,68,nan,nan,nan,nan,nan,nan,nan,nan,0.39206695556640625,30.07113042484257,nan,nan
random_rough,random_rough,0,2.4,4,20,True,False,heading error limit exceeded,False,69,nan,nan,nan,nan,nan,nan,nan,nan,0.45690155029296875,30.65748508961524,nan,nan
random_rough,random_rough,1,0.4,0,20,True,True,,True,597,0.31859710812568665,-0.08140289783477783,0.08140289783477783,0.08140289783477783,nan,nan,11.927289962768555,3.8000001907348633,0.20507049560546875,6.481531491658872,20.565963745117188,0.40947338938713074
random_rough,random_rough,1,0.4,1,21,True,True,,True,588,0.32352301478385925,-0.07647699117660522,0.07647699117660522,0.07647699117660522,nan,nan,11.745687484741211,3.8000001907348633,0.30797576904296875,7.059514478943221,21.00825309753418,0.411973774433136
random_rough,random_rough,1,0.4,2,22,True,True,,True,596,0.31953272223472595,-0.08046728372573853,0.08046728372573853,0.08046728372573853,nan,nan,11.892366409301758,3.8000001907348633,0.1088714599609375,8.049873979348499,20.708446502685547,0.4116198718547821
random_rough,random_rough,1,0.4,3,23,True,True,,True,575,0.3313186466693878,-0.06868135929107666,0.06868135929107666,0.06868135929107666,nan,nan,11.469322204589844,3.8000001907348633,0.2904205322265625,8.626494770780255,21.281816482543945,0.4081110954284668
random_rough,random_rough,1,0.4,4,20,True,True,,True,562,0.3391185402870178,-0.060881465673446655,0.060881465673446655,0.060881465673446655,nan,nan,11.205521583557129,3.8000001907348633,0.25255584716796875,8.111347389425907,20.5042724609375,0.38431093096733093
random_rough,random_rough,1,0.6,0,20,True,True,,True,365,0.5221346616744995,-0.0778653621673584,0.0778653621673584,0.0778653621673584,nan,nan,7.277816295623779,3.8000001907348633,0.1891021728515625,12.778514687038584,29.137516021728516,0.3546888828277588
random_rough,random_rough,1,0.6,1,21,True,True,,True,355,0.537498950958252,-0.06250107288360596,0.06250107288360596,0.06250107288360596,nan,nan,7.06978178024292,3.8000001907348633,0.2918701171875,8.73992542987395,28.580476760864258,0.33837684988975525
random_rough,random_rough,1,0.6,2,22,True,True,,True,351,0.5428426861763,-0.05715733766555786,0.05715733766555786,0.05715733766555786,nan,nan,7.000186443328857,3.8000001907348633,0.1325225830078125,8.542637123245424,27.401626586914062,0.3207642436027527
random_rough,random_rough,1,0.6,3,23,True,True,,True,356,0.5346701741218567,-0.06532984972000122,0.06532984972000122,0.06532984972000122,nan,nan,7.107185363769531,3.8000001907348633,0.22640228271484375,6.058936588652782,25.86223793029785,0.3070564568042755
random_rough,random_rough,1,0.6,4,20,True,True,,True,365,0.5221312642097473,-0.0778687596321106,0.0778687596321106,0.0778687596321106,nan,nan,7.2778639793396,3.8000001907348633,0.17888641357421875,15.012286220182588,32.193687438964844,0.3918914496898651
random_rough,random_rough,1,0.8,0,20,True,True,,True,259,0.7369828224182129,-0.06301718950271606,0.06301718950271606,0.06301718950271606,nan,nan,5.156158447265625,3.8000001907348633,0.18898773193359375,9.905921537238811,41.839027404785156,0.3613964915275574
random_rough,random_rough,1,0.8,1,21,True,True,,True,261,0.7306386232376099,-0.06936138868331909,0.06936138868331909,0.06936138868331909,nan,nan,5.200929641723633,3.8000001907348633,0.20632171630859375,6.634970410702739,37.308170318603516,0.32474827766418457
random_rough,random_rough,1,0.8,2,22,True,True,,True,259,0.7358680963516235,-0.06413191556930542,0.06413191556930542,0.06413191556930542,nan,nan,5.163969039916992,3.8000001907348633,0.12519073486328125,6.083759630530723,37.266700744628906,0.3219016492366791
random_rough,random_rough,1,0.8,3,23,True,True,,True,256,0.7445222735404968,-0.05547773838043213,0.05547773838043213,0.05547773838043213,nan,nan,5.103944301605225,3.8000001907348633,0.1739959716796875,4.692966202768285,36.778961181640625,0.314008891582489
random_rough,random_rough,1,0.8,4,20,True,True,,True,259,0.7373267412185669,-0.06267327070236206,0.06267327070236206,0.06267327070236206,nan,nan,5.153753280639648,3.8000001907348633,0.19992828369140625,8.926394716857175,40.51608657836914,0.34996891021728516
random_rough,random_rough,1,1.0,0,20,True,True,,True,207,0.9231411218643188,-0.07685887813568115,0.07685887813568115,0.07685887813568115,nan,nan,4.11638069152832,3.8000001907348633,0.2412567138671875,17.680306666604018,53.27013397216797,0.36775311827659607
random_rough,random_rough,1,1.0,1,21,True,True,,True,200,0.9550789594650269,-0.044921040534973145,0.044921040534973145,0.044921040534973145,nan,nan,3.978728771209717,3.8000001907348633,0.31914520263671875,15.092868792010398,56.757301330566406,0.3785768747329712
random_rough,random_rough,1,1.0,2,22,True,True,,True,203,0.9415850043296814,-0.058414995670318604,0.058414995670318604,0.058414995670318604,nan,nan,4.035748481750488,3.8000001907348633,0.1208343505859375,9.596136599885591,48.745574951171875,0.33001479506492615
random_rough,random_rough,1,1.0,3,23,True,True,,True,207,0.9220149517059326,-0.07798504829406738,0.07798504829406738,0.07798504829406738,nan,nan,4.121408462524414,3.8000001907348633,0.26886749267578125,7.227896571230607,49.735992431640625,0.3433550298213959
random_rough,random_rough,1,1.0,4,20,True,True,,True,201,0.9519943594932556,-0.048005640506744385,0.048005640506744385,0.048005640506744385,nan,nan,3.9916205406188965,3.8000001907348633,0.213897705078125,14.709346839925013,53.00411605834961,0.3553104102611542
random_rough,random_rough,1,1.2,0,20,True,True,,True,190,1.005115270614624,-0.1948847770690918,0.1948847770690918,0.1948847770690918,nan,nan,3.780661106109619,3.8000001907348633,0.12158966064453125,19.345021842822053,110.16648864746094,0.6980804204940796
random_rough,random_rough,1,1.2,1,21,True,True,,True,170,1.1271522045135498,-0.07284784317016602,0.07284784317016602,0.07284784317016602,nan,nan,3.371328353881836,3.8000001907348633,0.10387420654296875,11.58033045943639,79.54312133789062,0.4509763717651367
random_rough,random_rough,1,1.2,2,22,True,True,,True,171,1.1144691705703735,-0.08553087711334229,0.08553087711334229,0.08553087711334229,nan,nan,3.4096953868865967,3.8000001907348633,0.11280059814453125,13.382409277599846,69.74411010742188,0.39774611592292786
random_rough,random_rough,1,1.2,3,23,True,True,,True,167,1.1416724920272827,-0.058327555656433105,0.058327555656433105,0.058327555656433105,nan,nan,3.3284502029418945,3.8000001907348633,0.08570098876953125,8.411079142094515,64.71586608886719,0.36043715476989746
random_rough,random_rough,1,1.2,4,20,True,True,,True,253,0.7555539608001709,-0.4444460868835449,0.4444460868835449,0.4444460868835449,nan,nan,5.029422760009766,3.8000001907348633,0.566375732421875,25.3361308110352,102.3247299194336,0.8633827567100525
random_rough,random_rough,1,1.4,0,20,True,True,,True,148,1.298831582069397,-0.10116839408874512,0.10116839408874512,0.10116839408874512,nan,nan,2.925706624984741,3.8000001907348633,0.20127105712890625,9.011485213537194,122.43370056152344,0.6043173670768738
random_rough,random_rough,1,1.4,1,21,True,True,,True,142,1.3459967374801636,-0.054003238677978516,0.054003238677978516,0.054003238677978516,nan,nan,2.8231868743896484,3.8000001907348633,0.1469879150390625,6.7079343333982235,96.0564956665039,0.4549016058444977
random_rough,random_rough,1,1.4,2,22,True,True,,True,145,1.3174433708190918,-0.08255660533905029,0.08255660533905029,0.08255660533905029,nan,nan,2.8843746185302734,3.8000001907348633,0.1136932373046875,12.357097137890674,88.27252197265625,0.42687028646469116
random_rough,random_rough,1,1.4,3,23,True,True,,True,144,1.3366647958755493,-0.06333518028259277,0.06333518028259277,0.06333518028259277,nan,nan,2.8428969383239746,3.8000001907348633,0.0859527587890625,5.357069764636856,91.82929992675781,0.44100749492645264
random_rough,random_rough,1,1.4,4,20,True,True,,True,142,1.3538914918899536,-0.04610848426818848,0.04610848426818848,0.04610848426818848,nan,nan,2.8067243099212646,3.8000001907348633,0.14189910888671875,9.403401468112525,119.03636932373047,0.5637291073799133
random_rough,random_rough,1,1.6,0,20,True,True,,True,124,1.546488881111145,-0.05351114273071289,0.05351114273071289,0.05351114273071289,nan,nan,2.457179069519043,3.8000001907348633,0.10207366943359375,14.405987403033482,124.45946502685547,0.5146974921226501
random_rough,random_rough,1,1.6,1,21,True,True,,True,125,1.5286197662353516,-0.07138025760650635,0.07138025760650635,0.07138025760650635,nan,nan,2.485902786254883,3.8000001907348633,0.13326263427734375,7.215866900554922,113.29630279541016,0.47231099009513855
random_rough,random_rough,1,1.6,2,22,True,False,heading error limit exceeded,False,118,nan,nan,nan,nan,nan,nan,nan,nan,0.3807525634765625,31.195352241469987,nan,nan
random_rough,random_rough,1,1.6,3,23,True,True,,True,126,1.5154545307159424,-0.08454549312591553,0.08454549312591553,0.08454549312591553,nan,nan,2.5074987411499023,3.8000001907348633,0.089996337890625,10.357459366852831,110.61708068847656,0.4648308753967285
random_rough,random_rough,1,1.6,4,20,True,True,,True,124,1.5415687561035156,-0.058431267738342285,0.058431267738342285,0.058431267738342285,nan,nan,2.4650216102600098,3.8000001907348633,0.24076080322265625,29.059285710629368,129.59445190429688,0.5359327793121338
random_rough,random_rough,1,1.8,0,20,True,False,heading error limit exceeded,False,103,nan,nan,nan,nan,nan,nan,nan,nan,0.1333770751953125,31.95116389955067,nan,nan
random_rough,random_rough,1,1.8,1,21,True,True,,True,117,1.6395323276519775,-0.16046762466430664,0.16046762466430664,0.16046762466430664,nan,nan,2.3177342414855957,3.8000001907348633,0.152496337890625,17.616210463885324,148.93338012695312,0.5811391472816467
random_rough,random_rough,1,1.8,2,22,True,False,heading error limit exceeded,False,95,nan,nan,nan,nan,nan,nan,nan,nan,0.4024200439453125,31.322161533600443,nan,nan
random_rough,random_rough,1,1.8,3,23,True,False,heading error limit exceeded,False,71,nan,nan,nan,nan,nan,nan,nan,nan,0.40264129638671875,30.167391695910144,nan,nan
random_rough,random_rough,1,1.8,4,20,True,True,,True,113,1.6971282958984375,-0.10287165641784668,0.10287165641784668,0.10287165641784668,nan,nan,2.239076614379883,3.8000001907348633,0.139617919921875,25.16536242140654,191.57846069335938,0.7219833731651306
random_rough,random_rough,1,2.0,0,20,True,False,heading error limit exceeded,False,93,nan,nan,nan,nan,nan,nan,nan,nan,0.2671966552734375,30.940777430725273,nan,nan
random_rough,random_rough,1,2.0,1,21,True,False,heading error limit exceeded,False,92,nan,nan,nan,nan,nan,nan,nan,nan,0.29627227783203125,30.017407571925833,nan,nan
random_rough,random_rough,1,2.0,2,22,True,False,heading error limit exceeded,False,70,nan,nan,nan,nan,nan,nan,nan,nan,0.39373779296875,30.31544970654851,nan,nan
random_rough,random_rough,1,2.0,3,23,True,False,heading error limit exceeded,False,52,nan,nan,nan,nan,nan,nan,nan,nan,0.3086090087890625,30.05549612183241,nan,nan
random_rough,random_rough,1,2.0,4,20,True,False,heading error limit exceeded,False,93,nan,nan,nan,nan,nan,nan,nan,nan,0.2708740234375,30.488383266144062,nan,nan
random_rough,random_rough,1,2.2,0,20,True,False,heading error limit exceeded,False,80,nan,nan,nan,nan,nan,nan,nan,nan,0.37996673583984375,30.99050462297755,nan,nan
random_rough,random_rough,1,2.2,1,21,True,True,,True,94,2.0293893814086914,-0.17061066627502441,0.17061066627502441,0.17061066627502441,nan,nan,1.872484564781189,3.8000001907348633,0.2793426513671875,29.074933674017867,228.47576904296875,0.7162595987319946
random_rough,random_rough,1,2.2,2,22,True,False,heading error limit exceeded,False,66,nan,nan,nan,nan,nan,nan,nan,nan,0.4161834716796875,30.92256131620885,nan,nan
random_rough,random_rough,1,2.2,3,23,True,False,heading error limit exceeded,False,73,nan,nan,nan,nan,nan,nan,nan,nan,0.2870941162109375,30.045759687170555,nan,nan
random_rough,random_rough,1,2.2,4,20,True,False,heading error limit exceeded,False,63,nan,nan,nan,nan,nan,nan,nan,nan,0.4418792724609375,30.697165073598427,nan,nan
random_rough,random_rough,1,2.4,0,20,True,False,heading error limit exceeded,False,51,nan,nan,nan,nan,nan,nan,nan,nan,0.47243499755859375,31.039617098204527,nan,nan
random_rough,random_rough,1,2.4,1,21,True,False,heading error limit exceeded,False,69,nan,nan,nan,nan,nan,nan,nan,nan,0.46375274658203125,30.995330151626163,nan,nan
random_rough,random_rough,1,2.4,2,22,True,False,heading error limit exceeded,False,68,nan,nan,nan,nan,nan,nan,nan,nan,0.3554840087890625,30.51208060746942,nan,nan
random_rough,random_rough,1,2.4,3,23,True,False,heading error limit exceeded,False,69,nan,nan,nan,nan,nan,nan,nan,nan,0.4287261962890625,31.284110549734304,nan,nan
random_rough,random_rough,1,2.4,4,20,True,False,heading error limit exceeded,False,46,nan,nan,nan,nan,nan,nan,nan,nan,0.455291748046875,30.150609921119422,nan,nan
random_rough,random_rough,2,0.4,0,20,True,False,course timeout,False,1964,nan,nan,nan,nan,nan,nan,nan,nan,0.3679351806640625,13.399635014686618,nan,nan
random_rough,random_rough,2,0.4,1,21,True,True,,True,635,0.29974594712257385,-0.10025405883789062,0.10025405883789062,0.10025405883789062,nan,nan,12.677403450012207,3.8000001907348633,0.150604248046875,9.847440603791517,28.295394897460938,0.5992279052734375
random_rough,random_rough,2,0.4,2,22,True,False,course timeout,False,1974,nan,nan,nan,nan,nan,nan,nan,nan,0.29338836669921875,7.815870844610216,nan,nan
random_rough,random_rough,2,0.4,3,23,True,True,,True,657,0.2897000014781952,-0.11030000448226929,0.11030000448226929,0.11030000448226929,nan,nan,13.117018699645996,3.8000001907348633,0.14853668212890625,18.918592642370648,31.463512420654297,0.6894055604934692
random_rough,random_rough,2,0.4,4,20,True,False,course timeout,False,1964,nan,nan,nan,nan,nan,nan,nan,nan,0.303497314453125,8.661644631796433,nan,nan
random_rough,random_rough,2,0.6,0,20,True,True,,True,470,0.4052697420120239,-0.19473028182983398,0.19473028182983398,0.19473028182983398,nan,nan,9.376471519470215,3.8000001907348633,0.18097686767578125,11.41924727805081,43.26005554199219,0.6780896186828613
random_rough,random_rough,2,0.6,1,21,True,True,,True,389,0.4897989332675934,-0.11020109057426453,0.11020109057426453,0.11020109057426453,nan,nan,7.758285999298096,3.8000001907348633,0.1171722412109375,5.792667640275359,36.19998550415039,0.469635009765625
random_rough,random_rough,2,0.6,2,22,True,True,,True,361,0.5269982218742371,-0.07300180196762085,0.07300180196762085,0.07300180196762085,nan,nan,7.21065092086792,3.8000001907348633,0.28435516357421875,23.599843790051892,45.74580764770508,0.5507582426071167
random_rough,random_rough,2,0.6,3,23,True,True,,True,369,0.5153520107269287,-0.0846480131149292,0.0846480131149292,0.0846480131149292,nan,nan,7.373600959777832,3.8000001907348633,0.13805389404296875,8.907378616434212,36.335899353027344,0.44716158509254456
random_rough,random_rough,2,0.6,4,20,True,False,course timeout,False,2005,nan,nan,nan,nan,nan,nan,nan,nan,0.2562713623046875,10.873094252959188,nan,nan
random_rough,random_rough,2,0.8,0,20,True,True,,True,324,0.5877414345741272,-0.21225857734680176,0.21225857734680176,0.21225857734680176,nan,nan,6.465428352355957,3.8000001907348633,0.38573455810546875,19.597984728922647,62.387935638427734,0.6741365790367126
random_rough,random_rough,2,0.8,1,21,True,True,,True,277,0.6892709136009216,-0.11072909832000732,0.11072909832000732,0.11072909832000732,nan,nan,5.5130720138549805,3.8000001907348633,0.259857177734375,9.282531025465394,53.085636138916016,0.49040958285331726
random_rough,random_rough,2,0.8,2,22,True,True,,True,277,0.6895422339439392,-0.11045777797698975,0.11045777797698975,0.11045777797698975,nan,nan,5.5109028816223145,3.8000001907348633,0.1512298583984375,5.557650222445329,63.10783004760742,0.5829958915710449
random_rough,random_rough,2,0.8,3,23,True,True,,True,275,0.6944834589958191,-0.10551655292510986,0.10551655292510986,0.10551655292510986,nan,nan,5.47169303894043,3.8000001907348633,0.136444091796875,6.07137222869726,50.00048065185547,0.4585736393928528
random_rough,random_rough,2,0.8,4,20,True,True,,True,272,0.7006650567054749,-0.0993349552154541,0.0993349552154541,0.0993349552154541,nan,nan,5.423418998718262,3.8000001907348633,0.4022674560546875,9.176056914041357,54.82096481323242,0.4972992241382599
random_rough,random_rough,2,1.0,0,20,True,False,heading error limit exceeded,False,177,nan,nan,nan,nan,nan,nan,nan,nan,0.33338165283203125,30.888772370384796,nan,nan
random_rough,random_rough,2,1.0,1,21,True,True,,True,318,0.5988581776618958,-0.40114182233810425,0.40114182233810425,0.40114182233810425,nan,nan,6.345408916473389,3.8000001907348633,0.1318511962890625,23.191980751311874,75.11695861816406,0.7966492176055908
random_rough,random_rough,2,1.0,2,22,True,False,heading error limit exceeded,False,194,nan,nan,nan,nan,nan,nan,nan,nan,0.4294891357421875,30.006619288131798,nan,nan
random_rough,random_rough,2,1.0,3,23,True,True,,True,217,0.8781692981719971,-0.12183070182800293,0.12183070182800293,0.12183070182800293,nan,nan,4.327184200286865,3.8000001907348633,0.17908477783203125,25.925415626961808,85.87889862060547,0.6215104460716248
random_rough,random_rough,2,1.0,4,20,True,True,,True,211,0.9056019186973572,-0.09439808130264282,0.09439808130264282,0.09439808130264282,nan,nan,4.196104526519775,3.8000001907348633,0.329986572265625,29.53024091428009,68.9926528930664,0.485498309135437
random_rough,random_rough,2,1.2,0,20,True,False,heading error limit exceeded,False,39,nan,nan,nan,nan,nan,nan,nan,nan,0.18862152099609375,30.649258126759957,nan,nan
random_rough,random_rough,2,1.2,1,21,True,True,,True,323,0.5901030898094177,-0.6098969578742981,0.6098969578742981,0.6098969578742981,nan,nan,6.439553260803223,3.8000001907348633,0.3647003173828125,23.34012072422028,96.50769805908203,1.0396007299423218
random_rough,random_rough,2,1.2,2,22,True,True,,True,178,1.075451135635376,-0.12454891204833984,0.12454891204833984,0.12454891204833984,nan,nan,3.5334012508392334,3.8000001907348633,0.33646392822265625,18.536892643246365,107.83536529541016,0.6401526927947998
random_rough,random_rough,2,1.2,3,23,True,True,,True,176,1.0886750221252441,-0.11132502555847168,0.11132502555847168,0.11132502555847168,nan,nan,3.4904816150665283,3.8000001907348633,0.22283935546875,28.43083488245462,101.1949234008789,0.5939827561378479
random_rough,random_rough,2,1.2,4,20,True,False,heading error limit exceeded,False,48,nan,nan,nan,nan,nan,nan,nan,nan,0.25151824951171875,30.142567373371733,nan,nan
random_rough,random_rough,2,1.4,0,20,True,False,heading error limit exceeded,False,64,nan,nan,nan,nan,nan,nan,nan,nan,0.32694244384765625,31.381174368029352,nan,nan
random_rough,random_rough,2,1.4,1,21,True,True,,True,156,1.223946452140808,-0.17605352401733398,0.17605352401733398,0.17605352401733398,nan,nan,3.1047110557556152,3.8000001907348633,0.09406280517578125,13.492267747757625,88.5605239868164,0.4607517421245575
random_rough,random_rough,2,1.4,2,22,True,False,heading error limit exceeded,False,350,nan,nan,nan,nan,nan,nan,nan,nan,0.38067626953125,30.582947235202887,nan,nan
random_rough,random_rough,2,1.4,3,23,True,True,,True,156,1.2268975973129272,-0.17310237884521484,0.17310237884521484,0.17310237884521484,nan,nan,3.097243309020996,3.8000001907348633,0.10857391357421875,12.669421198067848,115.92939758300781,0.6031433343887329
random_rough,random_rough,2,1.4,4,20,True,False,heading error limit exceeded,False,149,nan,nan,nan,nan,nan,nan,nan,nan,0.32289886474609375,30.315699008453215,nan,nan
random_rough,random_rough,2,1.6,0,20,True,True,,True,133,1.4377508163452148,-0.16224920749664307,0.16224920749664307,0.16224920749664307,nan,nan,2.643017292022705,3.8000001907348633,0.284271240234375,18.403451237431824,147.1597137451172,0.6527440547943115
random_rough,random_rough,2,1.6,1,21,True,True,,True,134,1.4348711967468262,-0.16512882709503174,0.16512882709503174,0.16512882709503174,nan,nan,2.6483213901519775,3.8000001907348633,0.23528289794921875,17.29375552562173,152.98130798339844,0.6836681365966797
random_rough,random_rough,2,1.6,2,22,True,False,heading error limit exceeded,False,66,nan,nan,nan,nan,nan,nan,nan,nan,0.15584564208984375,30.499885304706364,nan,nan
random_rough,random_rough,2,1.6,3,23,True,False,heading error limit exceeded,False,119,nan,nan,nan,nan,nan,nan,nan,nan,0.22126007080078125,30.537205458331314,nan,nan
random_rough,random_rough,2,1.6,4,20,True,False,heading error limit exceeded,False,66,nan,nan,nan,nan,nan,nan,nan,nan,0.3543701171875,30.25336670208768,nan,nan
random_rough,random_rough,2,1.8,0,20,True,False,heading error limit exceeded,False,111,nan,nan,nan,nan,nan,nan,nan,nan,0.18309783935546875,31.632750725728435,nan,nan
random_rough,random_rough,2,1.8,1,21,True,True,,True,109,1.755601406097412,-0.04439854621887207,0.04439854621887207,0.04439854621887207,nan,nan,2.1645004749298096,3.8000001907348633,0.070709228515625,19.509994816939958,191.55455017089844,0.6963402032852173
random_rough,random_rough,2,1.8,2,22,True,True,,True,229,0.8336005806922913,-0.9663993716239929,0.9663993716239929,0.9663993716239929,nan,nan,4.558538436889648,3.8000001907348633,0.49608612060546875,29.86088012671665,197.5380859375,1.508650302886963
random_rough,random_rough,2,1.8,3,23,True,False,heading error limit exceeded,False,90,nan,nan,nan,nan,nan,nan,nan,nan,0.2376708984375,31.36062574391137,nan,nan
random_rough,random_rough,2,1.8,4,20,True,False,heading error limit exceeded,False,66,nan,nan,nan,nan,nan,nan,nan,nan,0.43532562255859375,30.526816740603724,nan,nan
random_rough,random_rough,2,2.0,0,20,True,False,heading error limit exceeded,False,70,nan,nan,nan,nan,nan,nan,nan,nan,0.28179168701171875,32.71239531273776,nan,nan
random_rough,random_rough,2,2.0,1,21,True,False,heading error limit exceeded,False,87,nan,nan,nan,nan,nan,nan,nan,nan,0.25293731689453125,30.335844651410167,nan,nan
random_rough,random_rough,2,2.0,2,22,True,False,heading error limit exceeded,False,96,nan,nan,nan,nan,nan,nan,nan,nan,0.233245849609375,30.1637341296096,nan,nan
random_rough,random_rough,2,2.0,3,23,True,True,,True,106,1.7955138683319092,-0.20448613166809082,0.20448613166809082,0.20448613166809082,nan,nan,2.1163859367370605,3.8000001907348633,0.04309844970703125,9.901206999164211,286.6742248535156,1.013437032699585
random_rough,random_rough,2,2.0,4,20,True,False,heading error limit exceeded,False,68,nan,nan,nan,nan,nan,nan,nan,nan,0.2469329833984375,31.46565697787324,nan,nan
random_rough,random_rough,2,2.2,0,20,True,True,,True,96,1.990923285484314,-0.20907676219940186,0.20907676219940186,0.20907676219940186,nan,nan,1.9086623191833496,3.8000001907348633,0.2152557373046875,23.862664346672105,251.08447265625,0.8038841485977173
random_rough,random_rough,2,2.2,1,21,True,False,heading error limit exceeded,False,48,nan,nan,nan,nan,nan,nan,nan,nan,0.0746002197265625,32.42800672626594,nan,nan
random_rough,random_rough,2,2.2,2,22,True,False,heading error limit exceeded,False,70,nan,nan,nan,nan,nan,nan,nan,nan,0.1656646728515625,30.13890980707119,nan,nan
random_rough,random_rough,2,2.2,3,23,True,False,heading error limit exceeded,False,87,nan,nan,nan,nan,nan,nan,nan,nan,0.18212890625,32.09659570245317,nan,nan
random_rough,random_rough,2,2.2,4,20,True,False,heading error limit exceeded,False,41,nan,nan,nan,nan,nan,nan,nan,nan,0.287109375,30.132571391521417,nan,nan
random_rough,random_rough,2,2.4,0,20,True,False,heading error limit exceeded,False,66,nan,nan,nan,nan,nan,nan,nan,nan,0.27013397216796875,30.655200391337868,nan,nan
random_rough,random_rough,2,2.4,1,21,True,False,heading error limit exceeded,False,83,nan,nan,nan,nan,nan,nan,nan,nan,0.2054901123046875,30.05973083911782,nan,nan
random_rough,random_rough,2,2.4,2,22,True,False,heading error limit exceeded,False,52,nan,nan,nan,nan,nan,nan,nan,nan,0.42203521728515625,30.164017582460158,nan,nan
random_rough,random_rough,2,2.4,3,23,True,False,heading error limit exceeded,False,52,nan,nan,nan,nan,nan,nan,nan,nan,0.5399856567382812,30.454481622198703,nan,nan
random_rough,random_rough,2,2.4,4,20,True,False,heading error limit exceeded,False,81,nan,nan,nan,nan,nan,nan,nan,nan,0.3422698974609375,30.633927767167865,nan,nan
random_rough,random_rough,3,0.4,0,20,True,False,course timeout,False,1963,nan,nan,nan,nan,nan,nan,nan,nan,0.37030029296875,19.487733522887595,nan,nan
random_rough,random_rough,3,0.4,1,21,True,False,course timeout,False,1966,nan,nan,nan,nan,nan,nan,nan,nan,0.7545318603515625,21.498520723971836,nan,nan
random_rough,random_rough,3,0.4,2,22,True,False,heading error limit exceeded,False,769,nan,nan,nan,nan,nan,nan,nan,nan,0.28316497802734375,30.59291589629652,nan,nan
random_rough,random_rough,3,0.4,3,23,True,True,,True,608,0.3130928874015808,-0.08690711855888367,0.08690711855888367,0.08690711855888367,nan,nan,12.136970520019531,3.799999237060547,0.23455810546875,12.888560987398538,30.756868362426758,0.6236606240272522
random_rough,random_rough,3,0.4,4,20,True,False,course timeout,False,1963,nan,nan,nan,nan,nan,nan,nan,nan,0.42630767822265625,10.707898443919614,nan,nan
random_rough,random_rough,3,0.6,0,20,True,False,fall/episode reset,False,517,nan,nan,nan,nan,nan,nan,nan,nan,0.27901458740234375,23.82025911721008,nan,nan
random_rough,random_rough,3,0.6,1,21,True,False,heading error limit exceeded,False,796,nan,nan,nan,nan,nan,nan,nan,nan,0.4762420654296875,31.563198909410193,nan,nan
random_rough,random_rough,3,0.6,2,22,True,False,heading error limit exceeded,False,464,nan,nan,nan,nan,nan,nan,nan,nan,0.31842041015625,30.36874567264212,nan,nan
random_rough,random_rough,3,0.6,3,23,True,True,,True,396,0.4808393716812134,-0.11916065216064453,0.11916065216064453,0.11916065216064453,nan,nan,7.90284538269043,3.799999237060547,0.226165771484375,6.457894341375574,48.66127014160156,0.6426594257354736
random_rough,random_rough,3,0.6,4,20,True,False,fall/episode reset,False,544,nan,nan,nan,nan,nan,nan,nan,nan,0.34589385986328125,11.194342809060629,nan,nan
random_rough,random_rough,3,0.8,0,20,True,False,course timeout,False,2020,nan,nan,nan,nan,nan,nan,nan,nan,0.5051803588867188,22.06834291585849,nan,nan
random_rough,random_rough,3,0.8,1,21,True,False,heading error limit exceeded,False,142,nan,nan,nan,nan,nan,nan,nan,nan,0.575714111328125,30.948789242621697,nan,nan
random_rough,random_rough,3,0.8,2,22,True,False,heading error limit exceeded,False,257,nan,nan,nan,nan,nan,nan,nan,nan,0.3330078125,30.796400892049544,nan,nan
random_rough,random_rough,3,0.8,3,23,True,True,,True,285,0.6677368879318237,-0.13226312398910522,0.13226312398910522,0.13226312398910522,nan,nan,5.690863132476807,3.799999237060547,0.20513153076171875,15.409560758161795,69.94737243652344,0.664841890335083
random_rough,random_rough,3,0.8,4,20,True,False,heading error limit exceeded,False,128,nan,nan,nan,nan,nan,nan,nan,nan,0.311553955078125,30.804136081284582,nan,nan
random_rough,random_rough,3,1.0,0,20,True,False,heading error limit exceeded,False,191,nan,nan,nan,nan,nan,nan,nan,nan,0.3965911865234375,31.027548153941115,nan,nan
random_rough,random_rough,3,1.0,1,21,True,False,heading error limit exceeded,False,52,nan,nan,nan,nan,nan,nan,nan,nan,0.37099456787109375,30.121407447323033,nan,nan
random_rough,random_rough,3,1.0,2,22,True,True,,True,208,0.9190111756324768,-0.0809888243675232,0.0809888243675232,0.0809888243675232,nan,nan,4.134878158569336,3.799999237060547,0.280609130859375,14.98689157684848,84.78700256347656,0.5881590843200684
random_rough,random_rough,3,1.0,3,23,True,True,,True,206,0.9261069297790527,-0.07389307022094727,0.07389307022094727,0.07389307022094727,nan,nan,4.10319709777832,3.799999237060547,0.245758056640625,23.411233238763867,99.02784729003906,0.6803411841392517
random_rough,random_rough,3,1.0,4,20,True,False,heading error limit exceeded,False,284,nan,nan,nan,nan,nan,nan,nan,nan,0.38042449951171875,30.668314354544293,nan,nan
random_rough,random_rough,3,1.2,0,20,True,False,heading error limit exceeded,False,45,nan,nan,nan,nan,nan,nan,nan,nan,0.13347625732421875,32.08511756955296,nan,nan
random_rough,random_rough,3,1.2,1,21,True,False,heading error limit exceeded,False,40,nan,nan,nan,nan,nan,nan,nan,nan,0.27233123779296875,30.156982487615043,nan,nan
random_rough,random_rough,3,1.2,2,22,True,False,heading error limit exceeded,False,358,nan,nan,nan,nan,nan,nan,nan,nan,0.3771820068359375,31.516275509812207,nan,nan
random_rough,random_rough,3,1.2,3,23,True,True,,True,186,1.027072787284851,-0.17292726039886475,0.17292726039886475,0.17292726039886475,nan,nan,3.6998343467712402,3.799999237060547,0.0818634033203125,12.871904717333814,116.24050903320312,0.721062183380127
random_rough,random_rough,3,1.2,4,20,True,False,heading error limit exceeded,False,87,nan,nan,nan,nan,nan,nan,nan,nan,0.39319610595703125,30.10394948380448,nan,nan
random_rough,random_rough,3,1.4,0,20,True,False,heading error limit exceeded,False,287,nan,nan,nan,nan,nan,nan,nan,nan,0.3097686767578125,30.605787387787412,nan,nan
random_rough,random_rough,3,1.4,1,21,True,False,heading error limit exceeded,False,32,nan,nan,nan,nan,nan,nan,nan,nan,0.28473663330078125,30.43556199819777,nan,nan
random_rough,random_rough,3,1.4,2,22,True,False,heading error limit exceeded,False,15,nan,nan,nan,nan,nan,nan,nan,nan,0.042144775390625,31.34447917671346,nan,nan
random_rough,random_rough,3,1.4,3,23,True,True,,True,149,1.2866545915603638,-0.11334538459777832,0.11334538459777832,0.11334538459777832,nan,nan,2.953394889831543,3.799999237060547,0.45700836181640625,24.006127347546347,134.45449829101562,0.6681346297264099
random_rough,random_rough,3,1.4,4,20,True,False,heading error limit exceeded,False,74,nan,nan,nan,nan,nan,nan,nan,nan,0.04186248779296875,34.36830979021024,nan,nan
random_rough,random_rough,3,1.6,0,20,True,False,heading error limit exceeded,False,72,nan,nan,nan,nan,nan,nan,nan,nan,0.18096923828125,32.115812439683,nan,nan
random_rough,random_rough,3,1.6,1,21,True,False,heading error limit exceeded,False,25,nan,nan,nan,nan,nan,nan,nan,nan,0.2658538818359375,30.73558488767975,nan,nan
random_rough,random_rough,3,1.6,2,22,True,False,heading error limit exceeded,False,39,nan,nan,nan,nan,nan,nan,nan,nan,0.36899566650390625,30.767878022075568,nan,nan
random_rough,random_rough,3,1.6,3,23,True,False,heading error limit exceeded,False,102,nan,nan,nan,nan,nan,nan,nan,nan,0.24672698974609375,30.916800051643943,nan,nan
random_rough,random_rough,3,1.6,4,20,True,False,fall/episode reset,False,133,nan,nan,nan,nan,nan,nan,nan,nan,0.274810791015625,22.83239178207821,nan,nan
random_rough,random_rough,3,1.8,0,20,True,False,heading error limit exceeded,False,63,nan,nan,nan,nan,nan,nan,nan,nan,0.269683837890625,30.516892475739695,nan,nan
random_rough,random_rough,3,1.8,1,21,True,False,heading error limit exceeded,False,227,nan,nan,nan,nan,nan,nan,nan,nan,0.9250411987304688,30.384608786989475,nan,nan
random_rough,random_rough,3,1.8,2,22,True,False,heading error limit exceeded,False,61,nan,nan,nan,nan,nan,nan,nan,nan,0.18350982666015625,30.23064607781363,nan,nan
random_rough,random_rough,3,1.8,3,23,True,False,heading error limit exceeded,False,69,nan,nan,nan,nan,nan,nan,nan,nan,0.07131195068359375,32.122178175989454,nan,nan
random_rough,random_rough,3,1.8,4,20,True,False,heading error limit exceeded,False,65,nan,nan,nan,nan,nan,nan,nan,nan,0.090606689453125,32.326455473686195,nan,nan
random_rough,random_rough,3,2.0,0,20,True,False,fall/episode reset,False,446,nan,nan,nan,nan,nan,nan,nan,nan,0.4527587890625,26.535827925538552,nan,nan
random_rough,random_rough,3,2.0,1,21,True,False,heading error limit exceeded,False,170,nan,nan,nan,nan,nan,nan,nan,nan,0.41900634765625,30.70638241388336,nan,nan
random_rough,random_rough,3,2.0,2,22,True,False,heading error limit exceeded,False,115,nan,nan,nan,nan,nan,nan,nan,nan,0.15582275390625,32.501981090071766,nan,nan
random_rough,random_rough,3,2.0,3,23,True,False,heading error limit exceeded,False,89,nan,nan,nan,nan,nan,nan,nan,nan,0.27886962890625,30.570140630509115,nan,nan
random_rough,random_rough,3,2.0,4,20,True,False,heading error limit exceeded,False,114,nan,nan,nan,nan,nan,nan,nan,nan,0.1326751708984375,31.52048632143552,nan,nan
random_rough,random_rough,3,2.2,0,20,True,False,heading error limit exceeded,False,42,nan,nan,nan,nan,nan,nan,nan,nan,0.1758575439453125,30.01762272288469,nan,nan
random_rough,random_rough,3,2.2,1,21,True,False,heading error limit exceeded,False,171,nan,nan,nan,nan,nan,nan,nan,nan,0.5465087890625,30.703537640094048,nan,nan
random_rough,random_rough,3,2.2,2,22,True,False,heading error limit exceeded,False,69,nan,nan,nan,nan,nan,nan,nan,nan,0.34455108642578125,30.353107954537375,nan,nan
random_rough,random_rough,3,2.2,3,23,True,False,heading error limit exceeded,False,190,nan,nan,nan,nan,nan,nan,nan,nan,0.2283935546875,31.699263107866017,nan,nan
random_rough,random_rough,3,2.2,4,20,True,False,heading error limit exceeded,False,155,nan,nan,nan,nan,nan,nan,nan,nan,0.7304534912109375,30.470054453506332,nan,nan
random_rough,random_rough,3,2.4,0,20,True,False,heading error limit exceeded,False,49,nan,nan,nan,nan,nan,nan,nan,nan,0.3593597412109375,32.03729600007912,nan,nan
random_rough,random_rough,3,2.4,1,21,True,False,heading error limit exceeded,False,53,nan,nan,nan,nan,nan,nan,nan,nan,0.1238555908203125,31.68528854082417,nan,nan
random_rough,random_rough,3,2.4,2,22,True,False,heading error limit exceeded,False,49,nan,nan,nan,nan,nan,nan,nan,nan,0.11960601806640625,30.433649545230164,nan,nan
random_rough,random_rough,3,2.4,3,23,True,False,heading error limit exceeded,False,33,nan,nan,nan,nan,nan,nan,nan,nan,0.16165924072265625,31.563595060382056,nan,nan
random_rough,random_rough,3,2.4,4,20,True,False,heading error limit exceeded,False,44,nan,nan,nan,nan,nan,nan,nan,nan,0.27173614501953125,30.21660662397467,nan,nan
